COMP;REGIAO;UF;MUNICIPIO;MOTIVO_DESABILITACAO;CNES;NOME_ESTABELECIMENTO;RAZAO_SOCIAL;TP_GESTAO;CO_TIPO_UNIDADE;DS_TIPO_UNIDADE;NATUREZA_JURIDICA;DESC_NATUREZA_JURIDICA;NO_LOGRADOURO;NU_ENDERECO;NO_COMPLEMENTO;NO_BAIRRO;CO_CEP;NU_TELEFONE;NO_EMAIL;LEITOS_EXISTENTES;LEITOS_SUS;UTI_TOTAL_EXIST;UTI_TOTAL_SUS;UTI_ADULTO_EXIST;UTI_ADULTO_SUS;UTI_PEDIATRICO_EXIST;UTI_PEDIATRICO_SUS;UTI_NEONATAL_EXIST;UTI_NEONATAL_SUS;UTI_QUEIMADO_EXIST;UTI_QUEIMADO_SUS;UTI_CORONARIANA_EXIST;UTI_CORONARIANA_SUS
202405;SUDESTE;SP;SAO PAULO;;102075;HOSPITAL MUNICIPAL DA BELA VISTA SANTA DULCE DOS POBRES;PREFEITURA DO MUNICIPIO DE SAO PAULO;M;5;HOSPITAL GERAL;1031;HOSPITAL_PÚBLICO;RUA ANTONIO CARLOS;122;;CONSOLACAO;1309010;42102970;;113;93;20;0;20;0;0;0;0;0;0;0;0;0
202405;SUDESTE;SP;SAO PAULO;;102105;HOSPITAL MUNICIPAL BRASILANDIA;SECRETARIA MUNICIPAL DA SAUDE;M;5;HOSPITAL GERAL;1031;HOSPITAL_PÚBLICO;MICHIHISA MURATA;150;;JARDIM MARISTELA;2806060;11 33864243;DMELLONE@PREFEITURA.SP.GOV.BR;270;250;50;30;40;20;10;10;0;0;0;0;0;0
202405;SUDESTE;SP;SAO PAULO;;161438;HOSPITAL MUNICIPAL GUARAPIRANGA;PREFEITURA DO MUNICIPIO DE SAO PAULO;M;5;HOSPITAL GERAL;1031;HOSPITAL_PÚBLICO;ESTRADA DA RIVIERA;4742;ZONA SUL;RIVIERA PAULISTA;4916000;(11) 3113-9592;;216;186;30;0;30;0;0;0;0;0;0;0;0;0
202405;SUDESTE;SP;SAO PAULO;;255661;IMPAR SERVICOS HOSPITALARES FILIAL SANTA PAULA;IMPAR SERVICOS HOSPITALARES SA;M;5;HOSPITAL GERAL;2054;HOSPITAL_PRIVADO;AVENIDA SANTO AMARO;2468;;BROOKLIN PAULISTA;4556901;11 30408008;;199;0;50;0;50;0;0;0;0;0;0;0;0;0
202405;SUDESTE;SP;SAO PAULO;;263192;HOSPITAL SANCTA MAGGIORE DUBAI;PREVENT SENIOR PRIVATE OPERADORA DE SAUDE LTDA;M;5;HOSPITAL GERAL;2062;HOSPITAL_PRIVADO;RUA FRANCISCO TRAMONTANO;100;;REAL PARQUE;5686902;1140859057;luciana.tamaoki@preventsenior.com.br;170;0;37;0;37;0;0;0;0;0;0;0;0;0
202405;SUDESTE;SP;SAO PAULO;;393290;HOSPITAL E PRONTO ATENDIMENTO SANCTA MAGGIORE RUSSIA;PREVENT SENIOR PRIVATE OPERADORA DE SAUDE LTDA;M;5;HOSPITAL GERAL;2062;HOSPITAL_PRIVADO;AVENIDA PROFESSOR FRANCISCO MORATO;1133;;BUTANTA;5513100;(11) 40859000;luciana.tamaoki@preventsenior.com.br;43;0;0;0;0;0;0;0;0;0;0;0;0;0
202405;SUDESTE;SP;SAO PAULO;;414808;CRIA CASA DE PARTO;CENTRO DE PARTO HUMANIZADO VILA MARIANA EIRELI;M;5;HOSPITAL GERAL;2062;HOSPITAL_PRIVADO;RUA DOUTOR LOPES DE ALMEIDA;16;;VILA MARIANA;4120070;11998067090;mmattos@gmail.com;7;0;0;0;0;0;0;0;0;0;0;0;0;0
202405;SUDESTE;SP;SAO PAULO;;478474;PA SAO RAFAEL;PA SAO RAFAEL SERVICOS MEDICOS LTDA;M;20;PRONTO SOCORRO GERAL;2062;HOSPITAL_PRIVADO;AVENIDA ADOLFO PINHEIRO;2100;;SANTO AMARO;4734003;11 23732850;EDSON@PRIMESERVICOSMEDICOS.COM.BR;5;0;0;0;0;0;0;0;0;0;0;0;0;0
202405;SUDESTE;SP;SAO PAULO;;507733;HOSPITAL ESPORTE E SAUDE BR SURGERY;HOSPITAL ESPORTE E SAUDE LTDA;M;5;HOSPITAL GERAL;2062;HOSPITAL_PRIVADO;FAGUNDES FILHO;475;;VILA MONTE ALEGRE;4304010;11 4369-4300;ROBERTO@BRSURGERY.COM.BR;14;0;2;0;2;0;0;0;0;0;0;0;0;0
202405;SUDESTE;SP;SAO PAULO;;663913;HOSPITAL SAINT PATRICK;ASSOCIACAO HOSPITALAR JAGUARA;M;5;HOSPITAL GERAL;3999;HOSPITAL_FILANTRÓPICO;AV CANDIDO PORTINARI;616;;VILA JAGUARA;5114000;;regulatorio@cnesolution.com.br;20;0;0;0;0;0;0;0;0;0;0;0;0;0
202405;SUDESTE;SP;SAO PAULO;;701394;HOSPITAL VIDAS ALTA COMPLEXIDADE;HOSPITAL E MATERNIDADE VIDAS LTDA;M;5;HOSPITAL GERAL;2062;HOSPITAL_PRIVADO;PROFA MARIA DE LOURDES DE S NOGUEIRA;89;;VILA GEA;4692000;11 33219450;CONTABILIDADE@HOSPITALVIDAS.COM.BR;61;0;10;0;10;0;0;0;0;0;0;0;0;0
202405;SUDESTE;SP;SAO PAULO;;955736;HOSPITAL E PRONTO ATENDIMENTO SANCTA MAGGIORE PARIS;PREVENT SENIOR PRIVATE OPERADORA DE SAUDE LTDA;M;5;HOSPITAL GERAL;2062;HOSPITAL_PRIVADO;RUA GENERAL CHAGAS SANTOS;314;;VILA DA SAUDE;4146050;1140859000;luciana.tamaoki@preventsenior.com.br;64;0;0;0;0;0;0;0;0;0;0;0;0;0
202405;SUDESTE;SP;SAO PAULO;;993956;SAO LUIZ MATERNIDADE;REDE DOR SAO LUIZ S A;M;5;HOSPITAL GERAL;2046;HOSPITAL_PRIVADO;RUA HELENA;29;;VILA OLIMPIA;4552050;;licenciamentosp@rededor.com.br;230;0;58;0;0;0;0;0;58;0;0;0;0;0
202405;SUDESTE;SP;SAO PAULO;;2028840;INSTITUTO DE INFECTOLOGIA EMILIO RIBAS;SECRETARIA DE ESTADO DA SAUDE;E;5;HOSPITAL GERAL;1023;HOSPITAL_PÚBLICO;DR ARNALDO;165;;SUMARE;1246900;;;311;311;30;30;30;30;0;0;0;0;0;0;0;0
202405;SUDESTE;SP;SAO PAULO;;2032236;HOSPITAL PREVINA;PLENA SAUDE S A;M;5;HOSPITAL GERAL;2054;HOSPITAL_PRIVADO;RAIMUNDO PEREIRA DE MAGALHAES;12367;;JARDIM MARILU;2989095;11 39445400;licencas.unidades@plenasaude.com.br;8;0;0;0;0;0;0;0;0;0;0;0;0;0
202405;SUDESTE;SP;SAO PAULO;;2032481;HOSPITAL DA LUZ 92;AMICO SAUDE LTDA;M;5;HOSPITAL GERAL;2062;HOSPITAL_PRIVADO;RUA AZEVEDO MACEDO;92;;VILA MARIANA;4013060;(11) 2117-6000;keli.almeida@hospitaldaluz.com.br;96;0;40;0;0;0;20;0;20;0;0;0;0;0
202405;SUDESTE;SP;SAO PAULO;;2058391;HOSPITAL ISRAELITA ALBERT EINSTEIN;SOCIEDADE BENEFICENTE ISRAELITA BRAS HOSP ALBERT EINSTEIN;M;5;HOSPITAL GERAL;3999;HOSPITAL_FILANTRÓPICO;AV ALBERT EINSTEIN;627;701;MORUMBI;5652900;(11)37471233;cendoroglo@einstein.br;669;28;94;0;54;0;18;0;22;0;0;0;0;0
202405;SUDESTE;SP;SAO PAULO;;2058502;HOSPITAL DO SERV PUB EST FCO MORATO DE OLIVEIRA SAO PAULO;INSTITUTO DE ASSIST MEDICA ADO SERVIDOR PUBLICO ESTADUAL SP;E;5;HOSPITAL GERAL;1112;HOSPITAL_PÚBLICO;RUA PEDRO DE TOLEDO;1800;;VILA CLEMENTINO;4029000;(11) 4573-8000;hspe@iamspe.sp.gov.br;886;6;87;0;64;0;4;0;8;0;11;0;0;0
202405;SUDESTE;SP;SAO PAULO;;2065665;HOSPITAL MATERNIDADE INTERLAGOS;SECRETARIA DE ESTADO DA SAUDE DE SAO PAULO;E;7;HOSPITAL ESPECIALIZADO;1023;HOSPITAL_PÚBLICO;RUA LEONOR ALVIM;211;;JD LEBLON;4802190;(11)56681232;hminterlagos.dts@gmail.com;89;89;14;14;4;4;0;0;10;10;0;0;0;0
202405;SUDESTE;SP;SAO PAULO;;2066092;HOSPITAL GERAL DE PEDREIRA;SECRETARIA DE ESTADO DA SAUDE DE SAO PAULO;E;5;HOSPITAL GERAL;1023;HOSPITAL_PÚBLICO;RUA JOAO FRANCISCO DE MOURA;251;;VILA CAMPO GRANDE;4455170;(11) 5613-5900;diretoria@hpedreira.spdm.org.br;295;295;41;41;23;23;6;6;12;12;0;0;0;0
202405;SUDESTE;SP;SAO PAULO;;2066572;HOSPITAL HELIOPOLIS UNIDADE DE GESTAO ASSISTENCIAL I;SECRETARIA DE ESTADO DA SAUDE;E;5;HOSPITAL GERAL;1023;HOSPITAL_PÚBLICO;CON XAVIER;276;;V HELIOPOLIS;4231030;;ddmedica.hh@gmail.com;290;290;24;24;24;24;0;0;0;0;0;0;0;0
202405;SUDESTE;SP;SAO PAULO;;2070766;CAISM DR DAVID CAPISTRANO DA COSTA FILHO DA AGUA FUNDA SP;SECRETARIA DE ESTADO DA SAUDE DE SAO PAULO;E;7;HOSPITAL ESPECIALIZADO;1023;HOSPITAL_PÚBLICO;AVENIDA MIGUEL STEFANO;3030;;AGUA FUNDA;4301002;(11) 5077-7893;caism-ginformacao@saude.sp.gov.br;121;121;0;0;0;0;0;0;0;0;0;0;0;0
202405;SUDESTE;SP;SAO PAULO;;2071371;HOSPITAL INFANTIL DARCY VARGAS UGA III SAO PAULO;SECRETARIA DE ESTADO DA SAUDE DE SAO PAULO;E;7;HOSPITAL ESPECIALIZADO;1023;HOSPITAL_PÚBLICO;RUA DR SERAFICO DE ASSIS CARVALHO;34;;JARDIM GUEDALA;4024002;(11)37233700;hidv-dtds.expediente@saude.sp.gov.br;122;122;14;14;0;0;9;9;5;5;0;0;0;0
202405;SUDESTE;SP;SAO PAULO;;2071568;HC DA FMUSP INSTITUTO DO CORACAO INCOR SAO PAULO;FUNDACAO ZERBINI;E;7;HOSPITAL ESPECIALIZADO;3069;HOSPITAL_FILANTRÓPICO;AVENIDA DR ENEAS DE CARVALHO AGUIAR;44;;CERQUEIRA CESAR;5403000;(11) 2661-5000;;461;390;161;145;135;119;23;23;3;3;0;0;0;0
202405;SUDESTE;SP;SAO PAULO;;2075717;HOSP MUN MATERNIDADE PROFESSOR MARIO DEGNI;PREFEITURA DO MUNICIPIO DE SAO PAULO;M;5;HOSPITAL GERAL;1031;HOSPITAL_PÚBLICO;RUA LUCAS DE LEYDE;257;;VILA ANTONIO;5376010;(11)33949330;;73;62;18;9;10;4;0;0;8;5;0;0;0;0
202405;SUDESTE;SP;SAO PAULO;;2075962;HOSP DA STA CASA DE STO AMARO;SANTA CASA DE MISERICORDIA DE SANTO AMARO;M;5;HOSPITAL GERAL;3999;HOSPITAL_FILANTRÓPICO;RUA ISABEL SCHMIDT;59;;SANTO AMARO;4743030;(11)55258700;scmsa@uol.com.br;134;91;10;9;10;9;0;0;0;0;0;0;0;0
202405;SUDESTE;SP;SAO PAULO;;2076896;HOSPITAL SAO LUIZ GONZAGA;IRMANDADE DA SANTA CASA DE MISERICORDIA DE SAO PAULO;M;5;HOSPITAL GERAL;3999;HOSPITAL_FILANTRÓPICO;MICHEL OUCHANA;94;;JACANA;2276140;;;231;177;40;0;30;0;0;0;10;0;0;0;0;0
202405;SUDESTE;SP;SAO PAULO;;2076926;HOSPITAL UNIVERSITARIO DA USP SAO PAULO;HOSPITAL UNIVERSITARIO DA UNIVERSIDADE DE SAO PAULO;E;5;HOSPITAL GERAL;1112;HOSPITAL_PÚBLICO;AV PROF LINEU PRESTES;2565;;BUTANTA;5580000;(11) 3091-9316;superintendencia@hu.usp.br;206;206;28;28;12;12;10;10;6;6;0;0;0;0
202405;SUDESTE;SP;SAO PAULO;;2076950;HOSPITAL OSWALDO CRUZ;HOSPITAL ALEMAO OSWALDO CRUZ;M;5;HOSPITAL GERAL;3999;HOSPITAL_FILANTRÓPICO;RUA JOAO JULIAO;331;;PARAISO;1323020;(11)3549-1907;haoc@haoc.com.br;350;0;44;0;44;0;0;0;0;0;0;0;0;0
202405;SUDESTE;SP;SAO PAULO;;2076985;CASA DA CRIANCA BETINHO;CASA DA CRIANCA BETINHO LAR ESPIRITA P EXCEPCIONAIS;M;5;HOSPITAL GERAL;3999;HOSPITAL_FILANTRÓPICO;RUA VACANGA;300;;VIL CARRAO;3433020;(11)67817366;casabetinho@uol.com.br;89;89;0;0;0;0;0;0;0;0;0;0;0;0
202405;SUDESTE;SP;SAO PAULO;;2077388;HOSPITAL AMPARO MATERNAL;SPDM PAIS HOSPITAL AMPARO MATERNAL;M;7;HOSPITAL ESPECIALIZADO;3999;HOSPITAL_FILANTRÓPICO;RUA LOEFGREEN;1901;;V CLEMENTINO;4040032;(11)50898277;fernanda.lance@ham.spdmpais.org.br;109;104;10;10;0;0;0;0;10;10;0;0;0;0
202405;SUDESTE;SP;SAO PAULO;;2077418;CAISM PHILIPPE PINEL SAO PAULO;SECRETARIA DE ESTADO DA SAUDE DE SAO PAULO;E;7;HOSPITAL ESPECIALIZADO;1023;HOSPITAL_PÚBLICO;AV RAIMUNDO PEREIRA DE MAGALHAES;5214;;PIRITUBA;2938000;(11) 3993-8227;hppinel@uol.com.br;136;136;0;0;0;0;0;0;0;0;0;0;0;0
202405;SUDESTE;SP;SAO PAULO;;2077426;HOSPITAL ESTADUAL DE VILA ALPINA ORG SOCIAL SECONCI SAO PAUL;SECRETARIA DE ESTADO DA SAUDE DE SAO PAULO;E;5;HOSPITAL GERAL;1023;HOSPITAL_PÚBLICO;AV FRANCISCO FALCONI;1501;;VILA ALPINA;3227000;(11) 2318-2100;secretaria@hva.org.br;219;219;38;38;20;20;7;7;11;11;0;0;0;0
202405;SUDESTE;SP;SAO PAULO;;2077450;HOSP MUN PIRITUBA JOSE SOARES HUNGRIA;SECRETARIA MUNICIPAL DA SAUDE;M;5;HOSPITAL GERAL;1031;HOSPITAL_PÚBLICO;MENOTTI LAUDISIO;100;;PIRITUBA;2945000;;samehungria@prefeitura.sp.gov.br;92;71;29;8;21;8;8;0;0;0;0;0;0;0
202405;SUDESTE;SP;SAO PAULO;;2077469;HOSP DOM ALVARENGA;ASSOCIACAO BENEFICENTE NOSSA SENHORA DE NAZARE;M;5;HOSPITAL GERAL;3999;HOSPITAL_FILANTRÓPICO;NAZARE;1361;;IPIRANGA;4263200;;;149;71;30;0;30;0;0;0;0;0;0;0;0;0
202405;SUDESTE;SP;SAO PAULO;;2077477;HOSP STA MARCELINA SAO PAULO;CASA DE SAUDE SANTA MARCELINA;E;5;HOSPITAL GERAL;3999;HOSPITAL_FILANTRÓPICO;RUA SANTA MARCELINA;177;;ITAQUERA;8270070;(11)2070-6293;rosane@santamarcelina.org;671;549;117;103;98;84;10;10;9;9;0;0;0;0
202405;SUDESTE;SP;SAO PAULO;;2077485;HOSPITAL SAO PAULO HOSPITAL DE ENSINO DA UNIFESP;SPDM ASSOCIACAO PAULISTA PARA O DESENVOLVIMENTO DA MEDICIN;E;5;HOSPITAL GERAL;3999;HOSPITAL_FILANTRÓPICO;NAPOLEAO DE BARROS;715;;VL CLEMENTINA;4024002;;;842;798;117;114;77;74;19;19;17;17;4;4;0;0
202405;SUDESTE;SP;SAO PAULO;;2077493;HOSPITAL GERAL DE SAO MATEUS SAO PAULO;SECRETARIA DE ESTADO DA SAUDE DE SAO PAULO;E;5;HOSPITAL GERAL;1023;HOSPITAL_PÚBLICO;RUA ANGELO DE CANDIA;540;;SAO MATEUS;3958000;(11) 2014-5148;hgsm-dirtec@saude.sp.gov.br;251;251;49;49;24;24;10;10;10;10;5;5;0;0
202405;SUDESTE;SP;SAO PAULO;;2077507;HOSPITAL LEFORTE LIBERDADE;HOSPITAL LEFORTE LIBERDADE S A;M;5;HOSPITAL GERAL;2054;HOSPITAL_PRIVADO;RUA GALVAO BUENO;257;;LIBERDADE;1506000;(11)33452000;mariolucio@hospitalbandeirantes.com.br;270;48;48;30;48;30;0;0;0;0;0;0;0;0
202405;SUDESTE;SP;SAO PAULO;;2077523;UNIDADE DE GESTAO ASSISTENCIAL II HOSPITAL IPIRANGA SP;SECRETARIA DE ESTADO DA SAUDE SAO PAULO;E;5;HOSPITAL GERAL;1023;HOSPITAL_PÚBLICO;AVENIDA NAZARE;28;;IPIRANGA;4262000;(11) 2067-7799;hi.dt@ig.com.br;314;314;32;32;22;22;0;0;10;10;0;0;0;0
202405;SUDESTE;SP;SAO PAULO;;2077531;A C CAMARGO CANCER CENTER;FUNDACAO ANTONIO PRUDENTE;M;7;HOSPITAL ESPECIALIZADO;3069;HOSPITAL_FILANTRÓPICO;RUA PROFESSOR ANTONIO PRUDENTE;211;;LIBERDADE;1509900;11 21895220;regulatorio@accamargo.org.br;381;132;50;28;44;22;6;6;0;0;0;0;0;0
202405;SUDESTE;SP;SAO PAULO;;2077574;CONJUNTO HOSPITALAR DO MANDAQUI SAO PAULO;SECRETARIA DE ESTADO DA SAUDE DE SAO PAULO;E;5;HOSPITAL GERAL;1023;HOSPITAL_PÚBLICO;RUA VOLUNTARIOS DA PATRIA;4301;;SANTANA;2401400;(11) 2281-5000;diretoriahospitalmandaqui@gmail.com;419;419;65;65;47;47;8;8;10;10;0;0;0;0
202405;SUDESTE;SP;SAO PAULO;;2077590;IBCC;INSTITUTO BRASILEIRO DE CONTROLE DO CANCER;M;7;HOSPITAL ESPECIALIZADO;3999;HOSPITAL_FILANTRÓPICO;AV ALCANTARA MACHADO;2576;;MOOCA;3102002;(11) 34744223;diretoria.mooca@hospitalsaocamilosp.org.br;161;95;18;10;18;10;0;0;0;0;0;0;0;0
202405;SUDESTE;SP;SAO PAULO;;2077604;HOSPITAL PRESIDENTE;HOSPITAL E MATERNIDADE PRESIDENTE SOCIEDADE SIMPLES;M;5;HOSPITAL GERAL;2240;HOSPITAL_PRIVADO;AVENIDA NOVA CANTAREIRA;2398;;TUCURUVI;2340000;22616611;sfilenti@hospitalpresidente.com.br;122;0;20;0;20;0;0;0;0;0;0;0;0;0
202405;SUDESTE;SP;SAO PAULO;;2077612;CENTRO INTEGR DE ASS E SAUDE NOSSA SENHORA DE FATIMA;CONGREGACAO DAS IRMAS HOSPITALEIRAS DO SAGRADO CORACAO DE JE;M;7;HOSPITAL ESPECIALIZADO;3999;HOSPITAL_FILANTRÓPICO;JORNALISTA PAULO ZINGG;1078;;PIRITUBA;5157030;(11)3572-9585;dominguesrj@hotmail.com;190;0;0;0;0;0;0;0;0;0;0;0;0;0
202405;SUDESTE;SP;SAO PAULO;;2077620;HOSPITAL GERAL SANTA MARCELINA DE ITAIM PAULISTA SAO PAULO;SECRETARIA DE ESTADO DA SAUDE DE SAO PAULO;E;5;HOSPITAL GERAL;1023;HOSPITAL_PÚBLICO;AV MARECHAL TITO;6035;;ITAIM PAULISTA;8115100;(11) 2563-6302;diritaim@uol.com.br;332;332;36;36;20;20;0;0;16;16;0;0;0;0
202405;SUDESTE;SP;SAO PAULO;;2077639;HOSP MUN PROF DR WALDOMIRO DE PAULA;PREFEITURA DO MUNICIPIO DE SAO PAULO;M;5;HOSPITAL GERAL;1031;HOSPITAL_PÚBLICO;RUA AUGUSTO CARLOS BAUMANN;1074;;ITAQUERA;8210590;(11)33948991;ptvcampos@prefeitura.sp.gov.br;217;179;50;12;40;6;0;0;10;6;0;0;0;0
202405;SUDESTE;SP;SAO PAULO;;2077655;ASSOC AACD V CLEMENTINO;ASSOCIACAO DE ASSISTENCIA A CRIANCA DEFICIENTE;M;7;HOSPITAL ESPECIALIZADO;3999;HOSPITAL_FILANTRÓPICO;AVN PROF ASCENDINO REIS;724;;VIL CLEMENTINO;4027000;(11)55760883;mmoreira@aacd.org.br;87;27;10;4;5;2;5;2;0;0;0;0;0;0
202405;SUDESTE;SP;SAO PAULO;;2077671;HOSPITAL GERAL DO GRAJAU PROF LIBER JOHN ALPHONSE DI DIO SP;SECRETARIA DE ESTADO DA SAUDE DE SAO PAULO;E;5;HOSPITAL GERAL;1023;HOSPITAL_PÚBLICO;RUA FRANCISCO OCTAVIO PACCA;180;;PARQUE DAS NACOES;4822030;(11) 3544-9443;deise.baungartner@hgg.org.br;260;254;44;38;24;24;9;8;11;6;0;0;0;0
202405;SUDESTE;SP;SAO PAULO;;2077701;HOSPITAL E MATERNIDADE LEONOR MENDES DE BARROS SAO PAULO;SECRETARIA DE ESTADO DA SAUDE DE SAO PAULO;E;7;HOSPITAL ESPECIALIZADO;1023;HOSPITAL_PÚBLICO;AV CELSO GARCIA;2477;;BELENZINHO;3015000;(11) 6694-4987;;167;167;20;20;6;6;0;0;14;14;0;0;0;0
202405;SUDESTE;SP;SAO PAULO;;2077752;HOSP MONUMENTO CEHM;CENTRO DE ESTUDO DO HOSPITAL MONUMENTO;M;5;HOSPITAL GERAL;3999;HOSPITAL_FILANTRÓPICO;RUA LIMA E SILVA;985;1 ANDAR SALA 2;IPIRANGA;4215020;(11)2915 2277;hospitalmonumento@terra.com.br;50;50;0;0;0;0;0;0;0;0;0;0;0;0
202405;SUDESTE;SP;SAO PAULO;;2077957;CENTRO DE REFERENCIA E TREINAMENTO DST AIDS SAO PAULO;SECRETARIA DE ESTADO DA SAUDE DE SAO PAULO;E;7;HOSPITAL ESPECIALIZADO;1023;HOSPITAL_PÚBLICO;RUA SANTA CRUZ;81;;VILA MARIANA;4121000;(11) 5087-9911;faturamento@crt.saude.sp.gov.br;46;46;0;0;0;0;0;0;0;0;0;0;0;0
202405;SUDESTE;SP;SAO PAULO;;2078007;HOSPITAL MILITAR DE AREA DE SAO PAULO;COMANDO DO EXERCITO;M;5;HOSPITAL GERAL;1015;HOSPITAL_PÚBLICO;RUA OUVIDOR PORTUGAL;230;;CAMBUCI;1551000;;;12;0;0;0;0;0;0;0;0;0;0;0;0;0
202405;SUDESTE;SP;SAO PAULO;;2078015;HC DA FMUSP HOSPITAL DAS CLINICAS SAO PAULO;FUNDACAO FACULDADE DE MEDICINA MEC MPAS;E;5;HOSPITAL GERAL;3069;HOSPITAL_FILANTRÓPICO;RUA DR OVIDIO PIRES DE CAMPOS;225;;CERQUEIRA CESAR;5403010;(11)3087-5456;valdices@ffm.br;1543;1476;227;225;128;128;53;51;40;40;6;6;0;0
202405;SUDESTE;SP;SAO PAULO;;2078082;HOSPITAL E MATERNIDADE METROPOLITANO;AMICO SAUDE LTDA;M;5;HOSPITAL GERAL;2062;HOSPITAL_PRIVADO;MARCELINA;441;;VILA ROMANA;5044010;21 38051000;;88;0;73;0;46;0;9;0;18;0;0;0;0;0
202405;SUDESTE;SP;SAO PAULO;;2078287;CENTRO DE REFERENCIA DA SAUDE DA MULHER SAO PAULO;SECRETARIA DE ESTADO DA SAUDE DE SAO PAULO;E;7;HOSPITAL ESPECIALIZADO;1023;HOSPITAL_PÚBLICO;AV RIO BRANCO;1080;;CAMPOS ELISEOS;1206001;(11) 3367-3900;institucional@hospitaldamulhersp.org.br;139;139;7;7;7;7;0;0;0;0;0;0;0;0
202405;SUDESTE;SP;SAO PAULO;;2078325;HOSP MUN INFANTIL MENINO JESUS;PREFEITURA DO MUNICIPIO DE SAO PAULO;M;7;HOSPITAL ESPECIALIZADO;1031;HOSPITAL_PÚBLICO;RUA DOS INGLESES;258;;BELA VISTA;1329000;(11)30160500;;103;59;20;10;0;0;20;10;0;0;0;0;0;0
202405;SUDESTE;SP;SAO PAULO;;2078406;HOSP INDEPENDENCIA;HOSPITAL INDEPENDENCIA ZONA LESTE LTDA;M;5;HOSPITAL GERAL;2062;HOSPITAL_PRIVADO;RUA URUCURANA;1;;JARDIM PEDRO JOSE NU;8061100;(11)20306000;diretoriamedica@hmindependencia.com.br;103;0;14;0;10;0;0;0;4;0;0;0;0;0
202405;SUDESTE;SP;SAO PAULO;;2078457;HOSP STA VIRGINIA;ASSOCIACAO HOSPITALAR FILHAS DE NOSSA SENHORA DO MONTE CALVA;M;5;HOSPITAL GERAL;3999;HOSPITAL_FILANTRÓPICO;CELSO GARCIA;2294;;BELEM;3014000;11 27993171;juridico@hsv.org.br;67;0;17;0;17;0;0;0;0;0;0;0;0;0
202405;SUDESTE;SP;SAO PAULO;;2078481;HOSPITAL CENTRAL DO TATUAPE;REDE DOR SAO LUIZ S A;M;5;HOSPITAL GERAL;2046;HOSPITAL_PRIVADO;PADRE ADELINO;901;EDIF 905 E 907;IV PARADA;3303000;11 20620000;licenciamentosp@rededor.com.br;96;0;28;0;28;0;0;0;0;0;0;0;0;0
202405;SUDESTE;SP;SAO PAULO;;2078570;HOSPITAL CANTAREIRA;SPDM ASSOC PAULISTA PARA O DESENVOLVIMENTO DA MEDICINA;M;5;HOSPITAL GERAL;3999;HOSPITAL_FILANTRÓPICO;AV NOVA CANTAREIRA;3050;;TUCURUVI;2340000;(11)22033222;nfe@cantareira.spdm.org.br;101;101;0;0;0;0;0;0;0;0;0;0;0;0
202405;SUDESTE;SP;SAO PAULO;;2078589;HOSPITAL E MATERNIDADE SANTA MARIA CRUZ AZUL;CRUZ AZUL DE SAO PAULO;M;5;HOSPITAL GERAL;3999;HOSPITAL_FILANTRÓPICO;LINS DE VASCONCELOS;356;;CAMBUCI;1538900;;;304;1;68;0;50;0;18;0;0;0;0;0;0;0
202405;SUDESTE;SP;SAO PAULO;;2078597;UNIDADE REFERENCIADA OSWALDO CRUZ VERGUEIRO;HOSPITAL ALEMAO OSWALDO CRUZ;M;5;HOSPITAL GERAL;3999;HOSPITAL_FILANTRÓPICO;R VERGUEIRO;17;;LIBERDADE;1504000;113549-0000 R.3077;unidadereferencidavergueiro@haocmail.onmicrosoft.com.br;232;77;30;10;30;10;0;0;0;0;0;0;0;0
202405;SUDESTE;SP;SAO PAULO;;2078600;HOSP DA AERONAUTICA DE SPHASP;COMANDO DA AERONAUTICA;M;5;HOSPITAL GERAL;1015;HOSPITAL_PÚBLICO;OLAVO FONTOURA;1400;SANTANA;SANTANA;2012021;;protocolo.hfasp@fab.mil.br;58;0;0;0;0;0;0;0;0;0;0;0;0;0
202405;SUDESTE;SP;SAO PAULO;;2078619;HOSPITAL E MATERNIDADE SAO MIGUEL;HOSPITAL E MATERNIDADE SAO MIGUEL SA;M;5;HOSPITAL GERAL;2054;HOSPITAL_PRIVADO;RUA LUIS PICOLO;11;;SAO MIGUEL;8010320;11 2714-0100;comercial@hsaomiguel.com.br;75;0;0;0;0;0;0;0;0;0;0;0;0;0
202405;SUDESTE;SP;SAO PAULO;;2078627;DAY HOSPITAL DE ERMELINO MATARAZZO;DAY HOSPITAL DE ERMELINO MATARAZZO SC LTDA;M;5;HOSPITAL GERAL;2062;HOSPITAL_PRIVADO;AV ABEL TAVARES;2576;PROX ESTACAO DE TREM;ERMELINO MATARAZZO;3810110;(11) 3488-5400;comercial@hsaomiguel.com.br;68;0;9;0;9;0;0;0;0;0;0;0;0;0
202405;SUDESTE;SP;SAO PAULO;;2078635;HOSPITAL ITAQUERA;GRUPO ITASA LIFE LTDA;M;5;HOSPITAL GERAL;2240;HOSPITAL_PRIVADO;RUA JOSE OITICICA FILHO;123;;ITAQUERA;8210510;;;120;0;10;0;10;0;0;0;0;0;0;0;0;0
202405;SUDESTE;SP;SAO PAULO;;2079089;HOSP 9 DE JULHO;HOSPITAL 9 DE JULHO SA;M;5;HOSPITAL GERAL;2054;HOSPITAL_PRIVADO;RUA PEIXOTO GOMIDE;625;;BELA VISTA;1409902;(11)32533411;;224;0;44;0;44;0;0;0;0;0;0;0;0;0
202405;SUDESTE;SP;SAO PAULO;;2079127;HOSPITAL SIRIO LIBANES;SOCIEDADE BENEFICENTE DE SENHORAS HOSPITAL SIRIO LIBANES;M;5;HOSPITAL GERAL;3999;HOSPITAL_FILANTRÓPICO;RUA DONA ADMA JAFET;91;;CERQUEIRA CESAR;1308050;1133943801;assuntos.regulatorio@hsl.org.br;469;14;102;0;30;0;6;0;0;0;0;0;66;0
202405;SUDESTE;SP;SAO PAULO;;2079186;HOSP MUN MAT ESC DR MARIO DE MORAES A SILVA;SECRETARIA MUNICIPAL DA SAUDE;M;7;HOSPITAL ESPECIALIZADO;1031;HOSPITAL_PÚBLICO;DEPUTADO EMILIO CARLOS;3100;;VILA NOVA CACHOEIRIN;2721000;(1139861234 / 1085;hmvncdiretoriatecnica@prefeitura.sp.gov.br;192;192;37;37;7;7;0;0;30;30;0;0;0;0
202405;SUDESTE;SP;SAO PAULO;;2079240;HOSPITAL GERAL JESUS TEIXEIRA DA COSTA GUAIANASES SAO PAULO;SECRETARIA DE ESTADO DA SAUDE DE SAO PAULO;E;5;HOSPITAL GERAL;1023;HOSPITAL_PÚBLICO;AV MIGUEL ACHIOLE DA FONSECA;135;;JARDIM SAO PAULO;8461110;(11) 2557-6972;hgg-diretoria@saude.sp.gov.br;253;249;28;28;20;20;0;0;8;8;0;0;0;0
202405;SUDESTE;SP;SAO PAULO;;2079445;HOSPITAL SANTA ISABEL;HOSPITAL SANTA ISABEL;M;5;HOSPITAL GERAL;3999;HOSPITAL_FILANTRÓPICO;R DONA VERIDIANA;311;;VILA BUARQUE;1238010;(11)2176-1422;silvio.cardenuto@hsi.org.br;103;2;25;0;25;0;0;0;0;0;0;0;0;0
202405;SUDESTE;SP;SAO PAULO;;2079542;MATERNIDADE SANTA JOANA;HOSPITAL E MATERNIDADE SANTA JOANA SA;M;7;HOSPITAL ESPECIALIZADO;2054;HOSPITAL_PRIVADO;RUA DO PARAISO;432;;PARAISO;4103000;115080-6000;contabilidade@santajoana.com.br;321;0;110;0;10;0;0;0;100;0;0;0;0;0
202405;SUDESTE;SP;SAO PAULO;;2080125;INSTITUTO DO CANCER ARNALDO VIEIRA DE CARVALHO;INSTITUTO DO CANCER ARNALDO VIEIRA DE CARVALHO;E;7;HOSPITAL ESPECIALIZADO;3999;HOSPITAL_FILANTRÓPICO;RUA DR CESARIO MOTA JUNIOR;112;;VILA BUARQUE;1221020;(11) 3367-3844;ctravasos@doutorarnaldo.org;80;80;8;8;8;8;0;0;0;0;0;0;0;0
202405;SUDESTE;SP;SAO PAULO;;2080168;HOSPITAL DA CRIANCA;REDE DOR SAO LUIZ S A;M;7;HOSPITAL ESPECIALIZADO;2046;HOSPITAL_PRIVADO;RUA DAS PEROBAS;295;PREDIO;JABAQUARA;4321120;(11)30467797;licenciamentosp@rededor.com.br;71;0;20;0;20;0;0;0;0;0;0;0;0;0
202405;SUDESTE;SP;SAO PAULO;;2080346;HOSP MUN DR CARMINO CARICCHIO;PREFEITURA DO MUNICIPIO DE SAO PAULO;M;5;HOSPITAL GERAL;1031;HOSPITAL_PÚBLICO;AV CELSO GARCIA;4815;;TATUAPE;3063000;(11) 33947001;hmcc@prefeitura.sp.gov.br;392;385;82;75;58;58;10;7;10;6;4;4;0;0
202405;SUDESTE;SP;SAO PAULO;;2080494;HOSPITAL DA CRUZ VERMELHA BRASILEIRA;CRUZ VERMELHA BRASILEIRA FILIAL DO ESTADO DE SAO PAULO;M;5;HOSPITAL GERAL;3999;HOSPITAL_FILANTRÓPICO;AVENIDA MOREIRA GUIMARAES;699;;INDIANOPOLIS;4074031;5056-8674/5056-8710;secretaria@cruzvermelhasp.org.br;40;0;0;0;0;0;0;0;0;0;0;0;0;0
202405;SUDESTE;SP;SAO PAULO;;2080575;HOSPITAL BP;REAL E BENEMERITA ASSOCIACAO PORTUGUESA DE BENEFICENCIA;M;5;HOSPITAL GERAL;3999;HOSPITAL_FILANTRÓPICO;MAEST CARDIM;769;;LIBERDADE;1323900;;;887;252;243;65;195;50;48;15;0;0;0;0;0;0
202405;SUDESTE;SP;SAO PAULO;;2080583;HOSP MUN TIDE SETUBAL;PREFEITURA DO MUNICIPIO DE SAO PAULO;M;5;HOSPITAL GERAL;1031;HOSPITAL_PÚBLICO;RUA DR JOSE GUILHERME EIRAS;123;;SAO MIGUEL PAULISTA;8010220;(11)33948770;cavelucci@prefeitura.sp.gov.br;207;193;46;32;29;17;10;10;7;5;0;0;0;0
202405;SUDESTE;SP;SAO PAULO;;2080788;HOSP MUN V NHOCUNE ALEXANDRE ZAIO;SECRETARIA MUNICIPAL DA SAUDE;M;5;HOSPITAL GERAL;1031;HOSPITAL_PÚBLICO;ALVES MALDONADO;S/N;;VILA NHOCUNE;3558050;;;48;48;0;0;0;0;0;0;0;0;0;0;0;0
202405;SUDESTE;SP;SAO PAULO;;2080796;HOSP MAT SAO CRISTOVAO;ASSOCIACAO DE BENEFICENCIA E FILANTROPIA SAO CRISTOVAO;M;5;HOSPITAL GERAL;3999;HOSPITAL_FILANTRÓPICO;RUA AMERICO VENTURA;123;;ALTO DA MOOCA;3128020;11 20297416;ctb@saocristovao.com.br;307;0;50;0;30;0;10;0;10;0;0;0;0;0
202405;SUDESTE;SP;SAO PAULO;;2080818;HOSPITAL SAMARITANO;ESHO EMPRESA DE SERVICOS HOSPITALARES S A;M;5;HOSPITAL GERAL;2054;HOSPITAL_PRIVADO;RUA CONSELHEIRO BROTERO;1486;;HIGIENOPOLIS;1232010;(11) 3821-5550;legalizacaobr@uhgbrasil.com.br;314;0;73;0;48;0;15;0;10;0;0;0;0;0
202405;SUDESTE;SP;SAO PAULO;;2080974;HOSP PAULISTA DE OTORRINOLARINGOLOGIA;HOSPITAL PAULISTA LTDA;M;7;HOSPITAL ESPECIALIZADO;2062;HOSPITAL_PRIVADO;RUA DR DIOGO DE FARIA;780;;VIL CLEMENTINO;4037002;(11)50878700;hosppaulista @ . com. br;44;0;2;0;1;0;1;0;0;0;0;0;0;0
202405;SUDESTE;SP;SAO PAULO;;2081288;HOSPITAL DO CORACAO;ASSOCIACAO BENEFICENTE SIRIA;M;5;HOSPITAL GERAL;3999;HOSPITAL_FILANTRÓPICO;RUA DESEMBARGADOR ELISEU GUILHERME;123;;PARAISO;4004030;(11)30536611;fiscal@hcor.com.br;292;5;65;0;36;0;12;0;4;0;0;0;13;0
202405;SUDESTE;SP;SAO PAULO;;2081741;HOSPITAL SBC;ASSOCIACAO DE ASSISTENCIA MUTUA A SAUDE SBC;M;5;HOSPITAL GERAL;3999;HOSPITAL_FILANTRÓPICO;BLUMENAU;320;;V LEOPOLDINA;5319020;011 21972400;dp@saudesbc.com.br;32;0;6;0;6;0;0;0;0;0;0;0;0;0
202405;SUDESTE;SP;SAO PAULO;;2081970;HOSP MUN JABAQUARA ARTUR RIBEIRO DE SABOYA;SECRETARIA MUNICIPAL DA SAUDE;M;5;HOSPITAL GERAL;1031;HOSPITAL_PÚBLICO;FRANCISCO DE PAULA QUINTANILHA RIBEIRO;860;;JABAQUARA;4330902;;;207;198;42;33;30;21;8;8;4;4;0;0;0;0
202405;SUDESTE;SP;SAO PAULO;;2082225;HOSPITAL KATIA DE SOUZA RODRIGUES TAIPASSP SAO PAULO;SECRETARIA DE ESTADO DA SAUDE DE SAO PAULO;E;5;HOSPITAL GERAL;1023;HOSPITAL_PÚBLICO;AV ELISIO TEIXEIRA LEITE;6999;;PARADA DE TAIPAS;2810000;(11)39730400;expedientedtd@hgtaipas.com.br;264;247;30;29;10;10;14;13;6;6;0;0;0;0
202405;SUDESTE;SP;SAO PAULO;;2082314;HOSP ALBERT SABIN;LAPA ASSISTENCIA MEDICA LTDA;M;5;HOSPITAL GERAL;2062;HOSPITAL_PRIVADO;RUA BRIGADEIRO GAVIAO PEIXOTO;123;;LAPA;5078000;(11)38384655;a.eva@hasabin.com.br;80;0;25;0;16;0;0;0;0;0;0;0;9;0
202405;SUDESTE;SP;SAO PAULO;;2082535;HOSPITAL SANTA RITA;CASA DE SAUDE SANTA RITA S A;M;5;HOSPITAL GERAL;2054;HOSPITAL_PRIVADO;RUA CUBATAO;1190;;VILA MARIANA;4013004;1159086000;gomes@hospitalsantarita.com.br;132;0;12;0;12;0;0;0;0;0;0;0;0;0
202405;SUDESTE;SP;SAO PAULO;;2082624;HOSPITAL JAPONES SANTA CRUZ;SOCIEDADE BRASILEIRA E JAPONESA DE BENEFICIENCIA SANTA CRUZ;M;5;HOSPITAL GERAL;3999;HOSPITAL_FILANTRÓPICO;R SANTA CRUZ;398;;VILA MARIANA;4122000;(11)50802000;coordclinica@hospitalsantacruz.com;168;30;30;10;30;10;0;0;0;0;0;0;0;0
202405;SUDESTE;SP;SAO PAULO;;2082829;HOSP MUN PROFESSOR DOUTOR ALIPIO CORREA NETTO;PREFEITURA DO MUNICIPIO DE SAO PAULO;M;5;HOSPITAL GERAL;1031;HOSPITAL_PÚBLICO;ALAMEDA RODRIGO DE BRUM;1989;;VILA PARANAGUA;3807230;(11)33948030;VOSILVA@PREFEITURA.SP.GOV.BR;286;256;50;44;30;30;10;6;10;8;0;0;0;0
202405;SUDESTE;SP;SAO PAULO;;2084139;HOSP MUN J IVA BENEDITO MONTENEGRO;SECRETARIA MUNICIPAL DA SAUDE;M;5;HOSPITAL GERAL;1031;HOSPITAL_PÚBLICO;ANTONIO LAZARO;226;;JARDIM IVA;3921080;11 11111111;DTRFORNACIARI@PREFEITURA.SP.GOV.BR;54;45;8;0;8;0;0;0;0;0;0;0;0;0
202405;SUDESTE;SP;SAO PAULO;;2084333;HOSP IGESP PAULISTA;IGESP SA CENTRO MEDICO E CIRURGICO INST GASTROENT DE SP;M;5;HOSPITAL GERAL;2054;HOSPITAL_PRIVADO;SILVIA;276;;BELA VISTA;1331010;;mara@hospitaligesp.com.br;220;0;52;0;52;0;0;0;0;0;0;0;0;0
202405;SUDESTE;SP;SAO PAULO;;2084368;HOSPITAL E MATERNIDADE NOSSA SENHORA DO ROSARIO;NOTRE DAME INTERMEDICA SAUDE S A;M;5;HOSPITAL GERAL;2054;HOSPITAL_PRIVADO;DR EDSON DE MELO;357;;VILA MARIA ALTA;2122080;1131552072;;73;0;20;0;10;0;0;0;10;0;0;0;0;0
202405;SUDESTE;SP;SAO PAULO;;2084376;HOSPITAL PAULISTANO;ESHO EMPRESA DE SERVICOS HOSPITALARES S A;M;5;HOSPITAL GERAL;2054;HOSPITAL_PRIVADO;RUA MARTINIANO DE CARVALHO;741;;BELA VISTA;1321001;(11) 3016-1000;;165;0;20;0;20;0;0;0;0;0;0;0;0;0
202405;SUDESTE;SP;SAO PAULO;;2084473;HOSP MUN DR IGNACIO PROENCA DE GOUVEA;PREFEITURA DO MUNICIPIO DE SAO PAULO;M;5;HOSPITAL GERAL;1031;HOSPITAL_PÚBLICO;RUA JUVENTUS;562;;MOOCA;3124020;(11) 33947810;carlosgonnelli@yahoo.com.br;129;112;33;16;25;12;0;0;8;4;0;0;0;0
202405;SUDESTE;SP;SAO PAULO;;2088495;INSTITUTO DANTE PAZZANESE DE CARDIOLOGIA IDPC SAO PAULO;FUNDACAO ADIB JATENE;E;7;HOSPITAL ESPECIALIZADO;3069;HOSPITAL_FILANTRÓPICO;AV DR DANTE PAZZANESE;500;;IBIRAPUERA;4012180;(11) 5549-1538;faturamentofaj@uol.com.br;402;386;103;100;82;80;21;20;0;0;0;0;0;0
202405;SUDESTE;SP;SAO PAULO;;2088517;HOSPITAL INFANTIL CANDIDO FONTOURA SAO PAULO;SECRETARIA DE ESTADO DA SAUDE DE SAO PAULO;E;7;HOSPITAL ESPECIALIZADO;1023;HOSPITAL_PÚBLICO;RUA SIQUEIRA BUENO;1757;;AGUA RASA;3173010;(11) 2603-5343;hicf.dtd@ig.com.br;114;108;26;26;0;0;20;20;6;6;0;0;0;0
202405;SUDESTE;SP;SAO PAULO;;2088576;HOSPITAL DE TRANSP DO EST DE SP EURYCLIDES DE JESUS ZERBINI;SECRETARIA DE ESTADO DA SAUDE DE SAO PAULO;E;5;HOSPITAL GERAL;1023;HOSPITAL_PÚBLICO;AV BRIGADEIRO LUIZ ANTONIO;2651;;JARDIM PAULISTA;1401901;(11) 3170-6329;hospital.brigadeiro@.ig.com.br;168;168;21;21;16;16;5;5;0;0;0;0;0;0
202405;SUDESTE;SP;SAO PAULO;;2089084;HOSP RUBEM BERTA;ADLM SERVICOS MEDICOS LTDA;M;7;HOSPITAL ESPECIALIZADO;2240;HOSPITAL_PRIVADO;RUBEM BERTA;1100;;INDIANOPOLIS;4074000;;;57;0;1;0;1;0;0;0;0;0;0;0;0;0
202405;SUDESTE;SP;SAO PAULO;;2089203;CASA DE SAUDE DE SAO JOAO DE DEUS;ASSOCIACAO HOSPITALEIRA DE ASSISTENCIA SOCIAL;M;7;HOSPITAL ESPECIALIZADO;3999;HOSPITAL_FILANTRÓPICO;EST TURISTICA DO JARAGUA;2365;;PIRITUBA;5161000;(11)39041993;DIRETORIAOHBRASIL@UOL.COM.BR;144;0;0;0;0;0;0;0;0;0;0;0;0;0
202405;SUDESTE;SP;SAO PAULO;;2089238;HOSPITAL ALVORADA MOEMA;HOSPITAL ALVORADA TAGUATINGA LTDA;M;5;HOSPITAL GERAL;2062;HOSPITAL_PRIVADO;AVENIDA IBIRAPUERA;1942;;INDIANOPOLIS;4028001;(11) 3375-3258;renata.filomeno@uhgbrasil.com.br;148;0;30;0;20;0;10;0;0;0;0;0;0;0
202405;SUDESTE;SP;SAO PAULO;;2089483;HOSPITAL E MATERNIDADE SAO RAFAEL SP;CENTRO MEDICO ESPECIALIZADO S C LTDA;M;5;HOSPITAL GERAL;2062;HOSPITAL_PRIVADO;ECA DE QUEIROZ;391;385;VILA MARIANA;4011032;11 59085400;s.financeiro@hsaorafael.com.br;59;0;3;0;3;0;0;0;0;0;0;0;0;0
202405;SUDESTE;SP;SAO PAULO;;2089564;HOSP MAT 8 DE MAIO;HOSPITAL E MATERNIDADE 8 DE MAIO LTDA;M;5;HOSPITAL GERAL;2062;HOSPITAL_PRIVADO;RUA RAFAEL MONTEIRO VALEIRO;18;;ITAIM PAULISTA;8140020;(11)65610908;hospitaloitodemaio@terra.com.b;28;0;0;0;0;0;0;0;0;0;0;0;0;0
202405;SUDESTE;SP;SAO PAULO;;2089572;ASSOC CRUZ VERDE;ASSOCIACAO CRUZ VERDE;M;7;HOSPITAL ESPECIALIZADO;3999;HOSPITAL_FILANTRÓPICO;RUA DR DIOGO DE FARIA;695;;VILA CLEMENTINO;4037002;(11)55797335;cruzverde@cruzverde.org.br;204;204;0;0;0;0;0;0;0;0;0;0;0;0
202405;SUDESTE;SP;SAO PAULO;;2089599;HOSPITAL SAO LUIZ JABAQUARA;REDE DOR SAO LUIZ S A;M;5;HOSPITAL GERAL;2046;HOSPITAL_PRIVADO;RUA DAS PEROBAS;344;;JABAQUARA;4321120;1130467797;licenciamentosp@rededor.com.br;159;0;50;0;50;0;0;0;0;0;0;0;0;0
202405;SUDESTE;SP;SAO PAULO;;2089602;HOSPITAL SEPACO;SERV SOCIAL DA IND DO PAPEL PAPELAO E CORT DO ESTADO DE SP;M;5;HOSPITAL GERAL;3999;HOSPITAL_FILANTRÓPICO;VERGUEIRO;4210;;VILA MARIANA;4102900;;;259;19;100;0;40;0;30;0;30;0;0;0;0;0
202405;SUDESTE;SP;SAO PAULO;;2089610;HOSP EDMUNDO VASCONCELOS;FUNDACAO INST DE MOLESTIAS DO APARELHO DIGEST E DA NUTRICAO;M;5;HOSPITAL GERAL;3069;HOSPITAL_FILANTRÓPICO;RUA BORGES LAGOA;1450;;VIL CLEMENTINO;4038905;(11) 5080 4000;ditetoria@hospitaledmundovasco;157;0;17;0;10;0;7;0;0;0;0;0;0;0
202405;SUDESTE;SP;SAO PAULO;;2089653;HOSPITAL NEXT BUTANTA;HOSPITAL ALVORADA TAGUATINGA LTDA;M;5;HOSPITAL GERAL;2062;HOSPITAL_PRIVADO;AV PROF FRANCISCO MORATO;719;;BUTANTA;5513000;(11)30942300;legalizacaobr@amil.com.br;128;0;20;0;20;0;0;0;0;0;0;0;0;0
202405;SUDESTE;SP;SAO PAULO;;2089661;HOSP PS NOVA IGUATEMI;HOSPITAL PS NOVA IGUATEMI SC LTDA;M;5;HOSPITAL GERAL;2240;HOSPITAL_PRIVADO;AVN RAGUEB CHOHFI;3315;PRQ BOA ESPERANCA;SAO MATEUS;8375000;(11) 2731-6732;;15;0;0;0;0;0;0;0;0;0;0;0;0;0
202405;SUDESTE;SP;SAO PAULO;;2089696;HOSPITAL GRAACC INSTITUTO DE ONCOLOGIA PEDIATRICA IOP;GRUPO DE APOIO AO ADOLESCENTE E A CRIANCA COM CANCER GRAAC;M;7;HOSPITAL ESPECIALIZADO;3999;HOSPITAL_FILANTRÓPICO;RUA PEDRO DE TOLEDO;572;;VILA CLEMENTINO;4039001;(11)50808400;iopepm@graacc.org.br;102;70;19;8;0;0;19;8;0;0;0;0;0;0
202405;SUDESTE;SP;SAO PAULO;;2089777;HOSPITAL NIPO BRASILEIRO;BENEFICENCIA NIPO BRASILEIRA DE SAO PAULO;M;5;HOSPITAL GERAL;3999;HOSPITAL_FILANTRÓPICO;RUA PISTOIA;100;;PARQUE NOVO MUNDO;2189000;(11)26332200;ed.carlos@hospitalnipo.org.br;245;0;50;0;30;0;0;0;10;0;0;0;10;0
202405;SUDESTE;SP;SAO PAULO;;2089785;HOSPITAL DO RIM E HIPERTENSAO;FUNDACAO OSWALDO RAMOS;M;7;HOSPITAL ESPECIALIZADO;3069;HOSPITAL_FILANTRÓPICO;RUA BORGES LAGOA;960;;VILA CLEMENTINO;4038002;(11)50878000;hospital@hrim.com.br;151;146;16;16;16;16;0;0;0;0;0;0;0;0
202405;SUDESTE;SP;SAO PAULO;;2091313;HOSPITAL REGIONAL SUL SAO PAULO;SECRETARIA DE ESTADO DA SAUDE SAO PAULO;E;5;HOSPITAL GERAL;1023;HOSPITAL_PÚBLICO;RUA GENERAL ROBERTO ALVES DE CARVALHO FILHO;270;;SANTO AMARO;4744000;(11) 5694-8259;regionalsulrh@gmail.com;212;209;34;31;17;14;7;7;10;10;0;0;0;0
202405;SUDESTE;SP;SAO PAULO;;2091356;HOSPITAL VITAL BRAZIL SAO PAULO;INSTITUTO BUTANTAN;E;7;HOSPITAL ESPECIALIZADO;1023;HOSPITAL_PÚBLICO;AV VITAL BRAZIL;1500;;BUTANTA;5503900;(11)37267962;hospital@butantan.gov.br;11;11;0;0;0;0;0;0;0;0;0;0;0;0
202405;SUDESTE;SP;SAO PAULO;;2091399;ASSOCIACAO NOSSA SENHORA DO PARI;ASSOCIACAO BENEFICENTE DE ASSISTENCIA SOCIAL N SRA DO PARI;M;7;HOSPITAL ESPECIALIZADO;3999;HOSPITAL_FILANTRÓPICO;RUA HANEMANN;234;;CANINDE;3031040;33226500 / 33226501;diretoria@hpari.com.br;58;58;12;12;12;12;0;0;0;0;0;0;0;0
202405;SUDESTE;SP;SAO PAULO;;2091550;INST CEMA DE OFTALMOLOGIA E OTORRINOLARINGOLOGIA;INST CEMA DE OFTALMOLOGIA E OTORRINOLARINGOLOGIA;M;5;HOSPITAL GERAL;3999;HOSPITAL_FILANTRÓPICO;RUA PASCOAL MOREIRA;450;;MOOCA;3117000;;patriciasilva@cemahospital.com.br;31;31;0;0;0;0;0;0;0;0;0;0;0;0
202405;SUDESTE;SP;SAO PAULO;;2091585;HOSPITAL ESTADUAL DE SAPOPEMBA SAO PAULO;SECRETARIA DE ESTADO DA SAUDE DE SAO PAULO;E;5;HOSPITAL GERAL;1023;HOSPITAL_PÚBLICO;RUA MANOEL FRANCA DOS SANTOS;174;;JARDIM SAPOPEMBA;3975130;(11) 2014-6000;secretaria@hesap.org.br;162;162;30;30;20;20;0;0;10;10;0;0;0;0
202405;SUDESTE;SP;SAO PAULO;;2091755;HOSPITAL GERAL DE VILA PENTEADO DR JOSE PANGELLA SAO PAULO;SECRETARIA DE ESTADO DA SAUDE DE SAO PAULO;E;5;HOSPITAL GERAL;1023;HOSPITAL_PÚBLICO;AV MINISTRO PETRONIO PORTELA;1642;;JARDIM IRACEMA;2802120;(11) 3976-9911;diretoria-hgvp@saude.sp.gov.br;169;160;35;35;20;20;5;5;4;4;6;6;0;0
202405;SUDESTE;SP;SAO PAULO;;2091763;HOSP VERA CRUZ;HOSPITAL VERA CRUZ LTDA;M;7;HOSPITAL ESPECIALIZADO;2240;HOSPITAL_PRIVADO;R ALTO PARAGUAI;362;;J MODELO;2238240;11 21987222;vc@clinicaveracruz.com.br;130;0;0;0;0;0;0;0;0;0;0;0;0;0
202405;SUDESTE;SP;SAO PAULO;;2091801;HOSPITAL CENTRAL DE GUAIANASES;HOSPITAL E PRONTO SOCORRO COMUNITARIO VILA IOLANDA LTDA;M;5;HOSPITAL GERAL;2062;HOSPITAL_PRIVADO;RUA CABO JOSE TEIXEIRA;189;;GUAIANAZES;8451010;(11) 25515151;licenciamentosp@rededor.com.br;95;0;13;0;13;0;0;0;0;0;0;0;0;0
202405;SUDESTE;SP;SAO PAULO;;2680785;HOSPITAL LUZ SANTO AMARO;HOSPITAL ALVORADA TAGUATINGA LTDA;M;5;HOSPITAL GERAL;2062;HOSPITAL_PRIVADO;RUA BARAO DO RIO BRANCO;555;;SANTO AMARO;4753001;11-21850500;cadastro@formaarquiteturalegal.com.br;70;0;10;0;10;0;0;0;0;0;0;0;0;0
202405;SUDESTE;SP;SAO PAULO;;2688514;HOSPITAL PSIQUIATRICO DE VILA MARIANA;SECRETARIA DE ESTADO DA SAUDE DE SAO PAULO;E;7;HOSPITAL ESPECIALIZADO;1023;HOSPITAL_PÚBLICO;RUA MAJOR MARAGLIANO;241;287;VILA MARIANA;4017030;(11) 3466-2100;gustavo.barros@caismvm.spdm.org.br;77;77;0;0;0;0;0;0;0;0;0;0;0;0
202405;SUDESTE;SP;SAO PAULO;;2688522;CASA DE DAVID SAO PAULO;CASA DE DAVID TABERNACULO ESPIRITA PARA EXCEPCIONAIS;E;7;HOSPITAL ESPECIALIZADO;3999;HOSPITAL_FILANTRÓPICO;RODOVIA FERNAO DIAS;82;KM 82;PARQUE EDU CHAVES;2284000;(11) 2453-6600;faturamento@casadedavid.org.br;281;265;0;0;0;0;0;0;0;0;0;0;0;0
202405;SUDESTE;SP;SAO PAULO;;2688565;HOSPITAL SAO CAMILO POMPEIA;SOCIEDADE BENEFICENTE SAO CAMILO;M;5;HOSPITAL GERAL;3999;HOSPITAL_FILANTRÓPICO;AV POMPEIA;1178;;POMPEIA;5022001;(11)36774503;eliezer.soares@hospitalsaocamilosp.org.br;292;0;60;0;50;0;10;0;0;0;0;0;0;0
202405;SUDESTE;SP;SAO PAULO;;2688573;HOSPITAL GERAL DE VILA NOVA CACHOEIRINHA SAO PAULO;SECRETARIA DE ESTADO DA SAUDE DE SAO PAULO;E;5;HOSPITAL GERAL;1023;HOSPITAL_PÚBLICO;AV DEPUTADO EMILIO CARLOS;3000;;VILA NOVA CACHOEIRIN;2720200;(11) 3859-4822;hgvnc@saude.sp.gov.br;200;195;30;30;30;30;0;0;0;0;0;0;0;0
202405;SUDESTE;SP;SAO PAULO;;2688581;HOSPITAL GERIATRICO E DE CONVALESCENTES D PEDRO II;IRMANDADE SANTA CASA DE MISERICORDIA DE SAO PAULO;M;5;HOSPITAL GERAL;3999;HOSPITAL_FILANTRÓPICO;AV GUAPIRA;2674;;JACANA;2265002;(11)21761200;dir.clinica@santacasasp.org.br;457;457;0;0;0;0;0;0;0;0;0;0;0;0
202405;SUDESTE;SP;SAO PAULO;;2688603;HOSPITAL SANTA CATARINA;ASSOCIACAO CONGREGACAO DESANTA CATARINA;M;5;HOSPITAL GERAL;3999;HOSPITAL_FILANTRÓPICO;PAULISTA;200;;BELA VISTA;1310000;;;330;0;85;0;69;0;16;0;0;0;0;0;0;0
202405;SUDESTE;SP;SAO PAULO;;2688611;SAO LUIZ UNIDADE ITAIM;REDE D OR SAO LUIZ S A;M;5;HOSPITAL GERAL;2046;HOSPITAL_PRIVADO;RUA DR ALCEU DE CAMPOS RODRIGUES;95;;VILA NOVA CONCEICAO;4544000;(11)30401100;licenciamentosp@rededor.com.br;274;0;50;0;18;0;0;0;32;0;0;0;0;0
202405;SUDESTE;SP;SAO PAULO;;2688638;INST SUEL ABUJAMRA;INSTITUTO SUEL ABUJAMRA;M;7;HOSPITAL ESPECIALIZADO;3999;HOSPITAL_FILANTRÓPICO;RUA TAMANDARE;693;CONJUNTO 66;ACLIMACAO;1525001;11 37773026;institutosuel@institutosuel.org.br;16;16;0;0;0;0;0;0;0;0;0;0;0;0
202405;SUDESTE;SP;SAO PAULO;;2688689;SANTA CASA DE SAO PAULO HOSPITAL CENTRAL SAO PAULO;IRMANDADE DA SANTA CASA DE MISERICORDIA DE SAO PAULO;E;5;HOSPITAL GERAL;3999;HOSPITAL_FILANTRÓPICO;RUA DR CESARIO MOTA JUNIOR;112;;VILA BUARQUE;1221020;(11) 2176-7000;rogerio.pecchini@santacasasp.org.br;1086;1078;96;88;63;55;18;18;15;15;0;0;0;0
202405;SUDESTE;SP;SAO PAULO;;2752077;HOSP DO SERV PUB MUNICIPAL HSPM;HOSPITAL DO SERVIDOR PUBLICO MUNICIPAL;M;5;HOSPITAL GERAL;1120;HOSPITAL_PÚBLICO;CASTRO ALVES;60;;LIBERDADE;1532000;;;203;14;38;14;30;10;4;0;4;4;0;0;0;0
202405;SUDESTE;SP;SAO PAULO;;2786680;HOSP MUN FERNANDO MAURO PIRES DA ROCHA;PREFEITURA DO MUNICIPIO DE SAO PAULO;M;5;HOSPITAL GERAL;1031;HOSPITAL_PÚBLICO;ESTRADA DE ITAPECERICA;1661;VILA MARACANA;CAMPO LIMPO;5835005;(11)33947460;hmclsame@gmail.com;310;299;67;60;40;40;16;10;11;10;0;0;0;0
202405;SUDESTE;SP;SAO PAULO;;2812703;FUNDACAO FACULDADE DE MEDICINAHCFMUSP INST DE PSIQUIATRIA SP;FUNDACAO FACULDADE DE MEDICINA MECMPAS;E;7;HOSPITAL ESPECIALIZADO;3069;HOSPITAL_FILANTRÓPICO;RUA DR OVIDIO PIRES DE CAMPOS;785;;CERQUEIRA CESAR;5403000;(11)3087-5456;valdices@ffm.br;123;123;0;0;0;0;0;0;0;0;0;0;0;0
202405;SUDESTE;SP;SAO PAULO;;2819473;HOSPITAL CENTRAL SUL;SERRA MAYOR SERVICOS MEDICOS S A;M;5;HOSPITAL GERAL;2054;HOSPITAL_PRIVADO;ESTRADA DE ITAPECERICA;4659;;CAPAO REDONDO;5858001;(11) 5510-7780;licenciamentosp@rededor.com.br;42;0;20;0;20;0;0;0;0;0;0;0;0;0
202405;SUDESTE;SP;SAO PAULO;;2821613;API ASSISTENCIA PSIQUIATRICA INTEGRADA;API ASSISTENCIA PSIQUIATRICA INTEGRADA;M;7;HOSPITAL ESPECIALIZADO;2062;HOSPITAL_PRIVADO;AV INDIANOPOLIS;1903;;PLANALTO PAULISTA;4063003;(11) 55898844;apiassistencia@terra.com.br;51;0;0;0;0;0;0;0;0;0;0;0;0;0
202405;SUDESTE;SP;SAO PAULO;;2823209;HOSPITAL E PRONTO SOCORRO PORTINARI;HOSPITAL E PRONTO SOCORRO PORTINARI LTDA;M;5;HOSPITAL GERAL;2062;HOSPITAL_PRIVADO;AVENIDA CANDIDO PORTINARI;455;;VILA JAGUARA;5114000;;regulatorio@cnesolution.com.br;109;0;42;0;22;0;10;0;10;0;0;0;0;0
202405;SUDESTE;SP;SAO PAULO;;2879441;HOSPITAL BDW SP;HOSPITAL BDW SP LTDA;M;5;HOSPITAL GERAL;2062;HOSPITAL_PRIVADO;DOS BANDEIRANTES;679;;VILA OLIMPIA;4553010;51 35008959;assuntosregulatorios@gmail.com;35;0;0;0;0;0;0;0;0;0;0;0;0;0
202405;SUDESTE;SP;SAO PAULO;;2991918;HEALTHCARE HOSPITAL DE TRANSICAO;JM HEALTHCARE HOSPITAL DE TRANSICAO LTDA;M;5;HOSPITAL GERAL;2062;HOSPITAL_PRIVADO;RUA DR JAMBEIRO COSTA;57;;LIBERDADE;1509030;(11) 992022275;TOEMCASASAUDE@GMAIL.COM;70;0;0;0;0;0;0;0;0;0;0;0;0;0
202405;SUDESTE;SP;SAO PAULO;;3001466;CENTRO HOSPITALAR DO SISTEMA PENITENCIARIO SAO PAULO;SECRETARIA DE ESTADO DA SAUDE DE SAO PAULO;E;5;HOSPITAL GERAL;1023;HOSPITAL_PÚBLICO;RUA DOM JOSE MAURICIO;15;;CARANDIRU;2028000;(11) 2221-2287;gestao.coordenacao@chspsp.org.br;251;251;0;0;0;0;0;0;0;0;0;0;0;0
202405;SUDESTE;SP;SAO PAULO;;3019012;HOSP DE CLINICAS J HELENA;HOSPITAL DE CLINICAS JARDIM HELENA SC LTDA;M;5;HOSPITAL GERAL;2062;HOSPITAL_PRIVADO;RUA ERVA ANDORINHA;123;JARDIM HELENA;JARDIM HELENA;8090470;(11)65811999;hcjh@terra.com.br;32;0;8;0;8;0;0;0;0;0;0;0;0;0
202405;SUDESTE;SP;SAO PAULO;;3027600;HOSPITAL SAO CAMILO IPIRANGA;SOCIEDADE BENEFICENTE SAO CAMILO;M;5;HOSPITAL GERAL;3999;HOSPITAL_FILANTRÓPICO;POUSO ALEGRE;1;;IPIRANGA;4261030;11 20667000;eliezer.soares@HOSPITALSAOCAMILOSP.ORG.BR;128;0;40;0;40;0;0;0;0;0;0;0;0;0
202405;SUDESTE;SP;SAO PAULO;;3027805;HSANP HOSPITAL;ASSOCIACAO HOSPITALAR SANTANA;M;5;HOSPITAL GERAL;3999;HOSPITAL_FILANTRÓPICO;RUA VOLUNTARIOS DA PATRIA;2786;;SANTANA;2402100;(11) 3405-8200;regulatorio@cnesolution.com.br;152;0;39;0;20;0;9;0;10;0;0;0;0;0
202405;SUDESTE;SP;SAO PAULO;;3027813;MASTER CLIN;HOSPITAL E MATERNIDADE MASTER CLIN SC LTDA;M;5;HOSPITAL GERAL;2062;HOSPITAL_PRIVADO;RUA DR GALVAO GUIMARAES;72;;SAO MATEUS;3970040;11 2177-4444;iris@masterclin.com.br;62;0;10;0;0;0;0;0;10;0;0;0;0;0
202405;SUDESTE;SP;SAO PAULO;;3037274;PRO MATRE PAULISTA;HOSPITAL E MATERNIDADE SANTA JOANA S A;M;7;HOSPITAL ESPECIALIZADO;2054;HOSPITAL_PRIVADO;SAO CARLOS DO PINHAL;139;ANEXO 151 E 174;BELA VISTA;1333001;11 50806049;contabilidade@santajoana.com.br;218;0;75;0;5;0;0;0;70;0;0;0;0;0
202405;SUDESTE;SP;SAO PAULO;;3039420;HOSPITAL SAO CAMILO SANTANA;SOCIEDADE BENEFICENTE SAO CAMILO;M;5;HOSPITAL GERAL;3999;HOSPITAL_FILANTRÓPICO;DOUTOR LUIS LUSTOSA DA SILVA;33;;SANTANA;2406040;11 36750035;eliezer.soares@hospitalsaocamilosp.org.br;247;0;52;0;41;0;11;0;0;0;0;0;0;0
202405;SUDESTE;SP;SAO PAULO;;3041549;HOSP DE OLHOS DE SAO PAULO;UNIDADE OFTALMOLOGICA DE SANTANA;M;7;HOSPITAL ESPECIALIZADO;2062;HOSPITAL_PRIVADO;AVN CANTAREIRA;126;;SANTANA;2330000;(11)69507330;diretoria@hospitaldeolhos.net;26;0;0;0;0;0;0;0;0;0;0;0;0;0
202405;SUDESTE;SP;SAO PAULO;;3045625;HOSPITAL E MATERNIDADE VIDAS LTDA;HOSPITAL E MATERNIDADE VIDAS LTDA;M;5;HOSPITAL GERAL;2062;HOSPITAL_PRIVADO;NSRA DE SABARA;2375;ANEXO 2389;VILA SANTANA;4685006;11 33219450;CONTABILIDADE@HOSPITALVIDAS.COM.BR;42;0;12;0;0;0;8;0;4;0;0;0;0;0
202405;SUDESTE;SP;SAO PAULO;;3119122;CEMA HOSP ESPEC;CEMA HOSPITAL ESPECIALIZADO LIMITADA;M;7;HOSPITAL ESPECIALIZADO;2062;HOSPITAL_PRIVADO;RUA PADRE ADELINO;333;;QUARTA PARADA;3303000;11 26024145;patriciasilva@cemahospital.com.br;111;0;0;0;0;0;0;0;0;0;0;0;0;0
202405;SUDESTE;SP;SAO PAULO;;3139751;CLINICA INFANTIL SANTA ISABELLA;CLINICA INFANTIL SANTA ISABELLA S S;M;21;PRONTO SOCORRO ESPECIALIZADO;2062;HOSPITAL_PRIVADO;RUA VERBO DIVINO;246;;GRANJA JULIETA;4719000;;regulatorio@cnesolution.com.br;3;0;0;0;0;0;0;0;0;0;0;0;0;0
202405;SUDESTE;SP;SAO PAULO;;3156702;EYE CLINIC IBIRAPUERA;EYE CLINIC OFTALMOLOGIA CLINICO CIRURGICA E DIAGNOSTICA LTDA;M;7;HOSPITAL ESPECIALIZADO;2062;HOSPITAL_PRIVADO;AVENIDA REPUBLICA DO LIBANO;1034;1100;IBIRAPUERA;4502001;(11) 3059-2020;EYECLINIC@EYECLINIC.COM.BR;15;0;0;0;0;0;0;0;0;0;0;0;0;0
202405;SUDESTE;SP;SAO PAULO;;3166597;HOSPITAL ADVENTISTA DE SAO PAULO;INSTITUICAO PAULISTA ADVENTISTA DE EDUC E ASS SOCIAL;M;5;HOSPITAL GERAL;3999;HOSPITAL_FILANTRÓPICO;ROCHA POMBO;49;;LIBERDADE;1525010;;IPAEAS.FISCAL@UCB.ORG.BR;44;0;15;0;15;0;0;0;0;0;0;0;0;0
202405;SUDESTE;SP;SAO PAULO;;3212130;HOSP MUN VER JOSE STOROPOLLI;PREFEITURA DO MUNICIPIO DE SAO PAULO;M;5;HOSPITAL GERAL;1031;HOSPITAL_PÚBLICO;RUA FRANCISCO FANGANIELLO;127;;PARQUE NOVO MUNDO;2181160;11 22079000;superintendencia@hmvjs.spdm.org.br;201;181;40;20;30;10;5;5;5;5;0;0;0;0
202405;SUDESTE;SP;SAO PAULO;;3308227;CLINICA ESPEC RENAITRE;RENAITRE CLINICA DE ESTETICA LTDA;M;7;HOSPITAL ESPECIALIZADO;2240;HOSPITAL_PRIVADO;RUA JOSE PEREIRA CARDOSO;80;;SAO MIGUEL PAULISTA;8011310;(11)69567379;;6;0;0;0;0;0;0;0;0;0;0;0;0;0
202405;SUDESTE;SP;SAO PAULO;;3309959;HOSPITAL BOSQUE DA SAUDE;NOTRE DAME INTERMEDICA SAUDE S A;M;5;HOSPITAL GERAL;2054;HOSPITAL_PRIVADO;AV BOSQUE DA SAUDE;1926;;SAUDE;4142082;55917505;luciana.costa@intermedica.com.br;141;0;17;0;17;0;0;0;0;0;0;0;0;0
202405;SUDESTE;SP;SAO PAULO;;3367371;HOSPITAL DA LUZ 113;AMICO SAUDE LTDA;M;5;HOSPITAL GERAL;2062;HOSPITAL_PRIVADO;RUA AZEVEDO DE MACEDO;113;;JARDIM ZAIRA;4013060;(11) 2117-6000;keli.almeida@hospitaldaluz.com.br;143;0;40;0;40;0;0;0;0;0;0;0;0;0
202405;SUDESTE;SP;SAO PAULO;;3464555;CENTRO MEDICO PMESP;POLICIA MILITAR DO ESTADO DE SAO PAULO;M;5;HOSPITAL GERAL;1023;HOSPITAL_PÚBLICO;AVENIDA NOVA CANTAREIRA;3659;;TREMEMBE;2341001;(11) 2109-3755;cmedasstecnica@policiamilitar.sp.gov.br;95;0;10;0;10;0;0;0;0;0;0;0;0;0
202405;SUDESTE;SP;SAO PAULO;;3477355;PREMIER RESIDENCE HOSPITAL;PREMIER RESIDENCE HOSPITAL LTDA ME;M;5;HOSPITAL GERAL;2054;HOSPITAL_PRIVADO;RUA JURUBATUBA;461;;VILA CORDEIRO;4583100;5090 5000;hassan@premierhospital.com.br;74;0;0;0;0;0;0;0;0;0;0;0;0;0
202405;SUDESTE;SP;SAO PAULO;;3483096;SAHA SERVICOS MEDICOS E HOSPITALARES;SAHA SERVICOS MEDICOS E HOSPITALARES LTDA;M;5;HOSPITAL GERAL;2062;HOSPITAL_PRIVADO;MAESTRO CARDIM;407;1 AO 5 ANDARES;BELA VISTA;1323000;(11) 2162-7100;;10;0;2;0;2;0;0;0;0;0;0;0;0;0
202405;SUDESTE;SP;SAO PAULO;;3512401;HOSPITAL PARANAGUA;HOSPITAL VITAL LTDA;M;5;HOSPITAL GERAL;2062;HOSPITAL_PRIVADO;AVENIDA PARANAGUA;808;;VILA PARANAGUA;3806000;(11) 2542-4000;gerente.administrativo@hospitalparanagua.com.br;25;0;0;0;0;0;0;0;0;0;0;0;0;0
202405;SUDESTE;SP;SAO PAULO;;3559203;HOSPITAL E MATERNIDADE JARDINS LTDA;HOSPITAL E MATERNIDADE JARDINS LTDA;M;5;HOSPITAL GERAL;2240;HOSPITAL_PRIVADO;ARTUR DE AZEVEDO;1659;;PINHEIROS;5404014;;;26;0;2;0;2;0;0;0;0;0;0;0;0;0
202405;SUDESTE;SP;SAO PAULO;;3585409;HOSP E MAT STO EXPEDITO;SOMEL SOCIEDADE PARA MEDICINA LESTE LTDA;M;5;HOSPITAL GERAL;2062;HOSPITAL_PRIVADO;RUA TOMOICHI SHIMIZU;201;;ITAQUERA;8260140;(11)65217799;somelmedicina@uol.com.br;31;0;6;0;6;0;0;0;0;0;0;0;0;0
202405;SUDESTE;SP;SAO PAULO;;3701832;HOSPITAL SILVIO ROMERO;HOSPITAL DE ESPECIALIDADES SILVIO ROMERO LTDA;M;5;HOSPITAL GERAL;2062;HOSPITAL_PRIVADO;RUA FERNANDES PINHEIRO;268;;VILA AZEVEDO;3308060;(11) 2227-9040;adm@hospitalsilvioromero.com.br;120;0;10;0;10;0;0;0;0;0;0;0;0;0
202405;SUDESTE;SP;SAO PAULO;;3824802;SAO LUIZ UNIDADE MORUMBI;REDE D OR SAO LUIZ S A;M;5;HOSPITAL GERAL;2046;HOSPITAL_PRIVADO;RUA ENGENHEIRO OSCAR AMERICANO;840;;MORUMBI;5673050;11 3093- 1100;licenciamentosp@rededor.com.br;187;0;60;0;39;0;10;0;0;0;0;0;11;0
202405;SUDESTE;SP;SAO PAULO;;3919072;HOSPITAL DOM PEDRO;ACEBRAS SERVICOS MEDICOS HOSPITALARES LTDA;M;5;HOSPITAL GERAL;2062;HOSPITAL_PRIVADO;AV ALCANTARA MACHADO;60;;BRAS;3102000;32.780.010;NILTON.BATISTA@HOSPITALDOMPEDRO.COM.BR;133;0;22;0;22;0;0;0;0;0;0;0;0;0
202405;SUDESTE;SP;SAO PAULO;;3986683;HOSPITAL DA FACE;HOSPITAL DA FACE LTDA;M;7;HOSPITAL ESPECIALIZADO;2062;HOSPITAL_PRIVADO;RUA IZONZO;155;;SACOMA;4249000;;;5;0;0;0;0;0;0;0;0;0;0;0;0;0
202405;SUDESTE;SP;SAO PAULO;;4009487;HOSPITAL INFANTIL SABARA UNIDADE 2;FUNDACAO JOSE LUIZ EGYDIO SETUBAL;M;7;HOSPITAL ESPECIALIZADO;3069;HOSPITAL_FILANTRÓPICO;AVENIDA ANGELICA;1920;EDIF BCN;HIGIENOPOLIS;1228200;11-31552800;contabilidade@sabara.com.br;58;0;0;0;0;0;0;0;0;0;0;0;0;0
202405;SUDESTE;SP;SAO PAULO;;4060105;HOSPITAL SANTA ISABEL;HOSPITAL SANTA ISABEL S A;M;5;HOSPITAL GERAL;2054;HOSPITAL_PRIVADO;R DR CESARIO MOTA JUNIOR;112;ANEXO PARTE;SANTA CECILIA;1221900;(11) 2176-7434;licenciamenrtosp@rededor.com.br;115;0;19;0;12;0;0;0;0;0;3;0;4;0
202405;SUDESTE;SP;SAO PAULO;;4077040;HOSPITAL INDIANOPOLIS;CARESURGE LTDA;M;5;HOSPITAL GERAL;2054;HOSPITAL_PRIVADO;AVENIDA JANDIRA;1134;;INDIANOPOLIS;4080006;(11) 98529-2641;marcelo.henrique@caresurge.com.br;40;0;0;0;0;0;0;0;0;0;0;0;0;0
202405;SUDESTE;SP;SAO PAULO;;4223683;HOSPITAL SAINT PATRICK PORTINARI;ASSOCIACAO HOSPITALAR JAGUARA;M;5;HOSPITAL GERAL;3999;HOSPITAL_FILANTRÓPICO;PC GAL GUIMARAES;77;;VILA JAGUARA;5114110;;regulatorio@cnesolution.com.br;109;0;42;0;22;0;10;0;10;0;0;0;0;0
202405;SUDESTE;SP;SAO PAULO;;4312813;CARVALHO SANDRIN SERVICOS HOSPITALARES;CARVALHO SANDRIN SERVICOS HOSPITALARES LTDA;M;7;HOSPITAL ESPECIALIZADO;2062;HOSPITAL_PRIVADO;AV INDIANOPOLIS;1400;;INDIANOPOLIS;4062001;1127379924;Laiza@godcontrolcontabilidade.com.br;4;0;0;0;0;0;0;0;0;0;0;0;0;0
202405;SUDESTE;SP;SAO PAULO;;4428560;ASSOCIACAO HOSPITALAR SAO MIGUEL;ASSOCIACAO HOSPITALAR SAO MIGUEL;M;5;HOSPITAL GERAL;3999;HOSPITAL_FILANTRÓPICO;RUA ABEL TAVARES;21;;JARDIM BELEM;3810110;(11) 2956-9022;day@uol.com.br;75;0;0;0;0;0;0;0;0;0;0;0;0;0
202405;SUDESTE;SP;SAO PAULO;;5040787;HOSPITAL SAN GENNARO;HOSPITAL SAN GENNARO LTDA;M;5;HOSPITAL GERAL;2062;HOSPITAL_PRIVADO;PAES DE BARROS;1327;;MOOCA;3115020;;dt@hospitalsangennaro.com.br;41;0;4;0;4;0;0;0;0;0;0;0;0;0
202405;SUDESTE;SP;SAO PAULO;;5139244;CENTRO MEDICO SAMARITANO JARDINS;ESHO EMPRESA DE SERVICOS HOSPITALARES S A;M;5;HOSPITAL GERAL;2054;HOSPITAL_PRIVADO;ALAMEDA SANTOS;764;;CERQUEIRA CESAR;1418100;(11) 2177-2500;atendimento@americasmedicinaesaude.com.br;16;0;0;0;0;0;0;0;0;0;0;0;0;0
202405;SUDESTE;SP;SAO PAULO;;5420938;HOSP MUN CARMEN PRUDENTE;PREFEITURA DO MUNICIPIO DE SAO PAULO;M;5;HOSPITAL GERAL;1031;HOSPITAL_PÚBLICO;AV DOS METALURGICOS;1797;;CIDADE TIRADENTES;8471000;;;245;224;51;30;30;10;11;10;10;10;0;0;0;0
202405;SUDESTE;SP;SAO PAULO;;5437156;HOSPITAL LOCAL DE SAPOPEMBA;SECRETARIA DE ESTADO DA SAUDE DE SAO PAULO;E;5;HOSPITAL GERAL;1023;HOSPITAL_PÚBLICO;RUA IAMACARU;45;;PARQUE SANTA MADALEN;3982060;(11)20247510;secretaria@hesap.org.br;30;30;0;0;0;0;0;0;0;0;0;0;0;0
202405;SUDESTE;SP;SAO PAULO;;5451612;INSTITUTO DE REABILITACAO LUCY MONTORO;SECRETARIA DE ESTADO DA SAUDE DE SAO PAULO;E;7;HOSPITAL ESPECIALIZADO;1023;HOSPITAL_PÚBLICO;RUA JANDIATUBA;580;;VILA ANDRADE;5716150;(11) 3905-8300;katia.miyahara@hc.fm.usp.br;64;64;0;0;0;0;0;0;0;0;0;0;0;0
202405;SUDESTE;SP;SAO PAULO;;5590450;HOSPITAL VILLA LOBOS;REDE DOR SAO LUIZ S A;M;5;HOSPITAL GERAL;2046;HOSPITAL_PRIVADO;RUA LITUANIA;260;;MOOCA;3184020;;licenciamentosp@rededor.com.br;154;0;40;0;30;0;0;0;0;0;0;0;10;0
202405;SUDESTE;SP;SAO PAULO;;5607442;ASSOCIACAO HOSPITAL PERSONAL CUIDADOS ESPECIAIS;ASSOCIACAO HOSPITAL PERSONAL CUIDADOS ESPECIAIS;M;5;HOSPITAL GERAL;3999;HOSPITAL_FILANTRÓPICO;RUA CAME;1016;;PARQUE DA MOOCA;3121020;1120293030;sistema@hospitalpersonal.com.br;70;0;0;0;0;0;0;0;0;0;0;0;0;0
202405;SUDESTE;SP;SAO PAULO;;5710979;HOSPITAL INGLES;HOSPITAL INGLES LTDA;M;7;HOSPITAL ESPECIALIZADO;2062;HOSPITAL_PRIVADO;RUA SILVIA;193;;BELA VISTA;1331010;11-32849496;hospitalingles@medulley.com.br;7;0;0;0;0;0;0;0;0;0;0;0;0;0
202405;SUDESTE;SP;SAO PAULO;;5715792;BARRAMED CASA DE APOIO;BARRAMED CASA DE APOIO LTDA;M;5;HOSPITAL GERAL;2240;HOSPITAL_PRIVADO;RUA PROFESSOR GIULIANI;202;;VILA INVERNADA;3348030;1123083405;barramed@clinicabarramed,com.br;40;0;0;0;0;0;0;0;0;0;0;0;0;0
202405;SUDESTE;SP;SAO PAULO;;5718368;HOSP MUN M BOI MIRIM;SECRETARIA MUNICIPAL DA SAUDE;M;5;HOSPITAL GERAL;1031;HOSPITAL_PÚBLICO;DO M BOI MIRIM;5203;;JARDIM ANGELA;4948970;11 32851184;januariomontone@prefeitura.sp.gov.br;341;279;80;40;60;20;10;10;10;10;0;0;0;0
202405;SUDESTE;SP;SAO PAULO;;5907594;HOSP SAO LUIZ ANALIA FRANCO;REDE DOR SAO LUIZ S A;M;5;HOSPITAL GERAL;2046;HOSPITAL_PRIVADO;FRANCISCO MARENGO;1312;;TATUAPE;3313000;(11) 3386-1100;licenciamentosp@rededor.com.br;253;0;85;0;54;0;11;0;20;0;0;0;0;0
202405;SUDESTE;SP;SAO PAULO;;6123740;INSTITUTO DO CANCER DO ESTADO DE SAO PAULO;SECRETARIA DE ESTADO DA SAUDE DE SAO PAULO;E;7;HOSPITAL ESPECIALIZADO;1023;HOSPITAL_PÚBLICO;AV DR ARNALDO;251;;CERQUEIRA CESAR;1246000;38932000;credenciamento.dfpc@icesp.org.br;525;525;85;85;85;85;0;0;0;0;0;0;0;0
202405;SUDESTE;SP;SAO PAULO;;6148956;HOSPITAL MONTEMAGNO;NOTRE DAME INTERMEDICA SAUDE S A;M;5;HOSPITAL GERAL;2054;HOSPITAL_PRIVADO;AVENIDA MONTEMAGNO;241;;VILA FORMOSA;3371000;11 20764000;lilian.oliveira@intermedica.com.br;113;0;11;0;11;0;0;0;0;0;0;0;0;0
202405;SUDESTE;SP;SAO PAULO;;6283993;HOSPITAL LEFORTE;HOSPITAL LEFORTE S A;M;5;HOSPITAL GERAL;2054;HOSPITAL_PRIVADO;RUA TRES IRMAOS;121;;CAXINGUI;5615190;1137234700;albery@leforte.com.br;96;0;28;0;16;0;8;0;4;0;0;0;0;0
202405;SUDESTE;SP;SAO PAULO;;6430120;BP MIRANTE;REAL E BENEMERITA ASSOCIACAO PORTUGUESA DE BENEFICENCIA;M;7;HOSPITAL ESPECIALIZADO;3999;HOSPITAL_FILANTRÓPICO;RUA MARTINIANO DE CARVALHO;965;;BELA VISTA;1321001;;andreia.cevada@bpsp.org.br;123;0;30;0;30;0;0;0;0;0;0;0;0;0
202405;SUDESTE;SP;SAO PAULO;;6569757;UNIDADE AVANCADA EINSTEIN PERDIZES;SOCIEDADE BENEF ISRAELITA BRAS HOSPITAL ALBERT EINSITEN;M;5;HOSPITAL GERAL;3999;HOSPITAL_FILANTRÓPICO;RUA APIACAS;85;;PERDIZES;5017020;11 2151-6224;www.einstein.br;9;0;0;0;0;0;0;0;0;0;0;0;0;0
202405;SUDESTE;SP;SAO PAULO;;6614426;HOSPITAL INFANTIL SABARA;FUNDACAO JOSE LUIZ EGYDIO SETUBAL;M;7;HOSPITAL ESPECIALIZADO;3069;HOSPITAL_FILANTRÓPICO;AVENIDA ANGELICA;1987;ANDAR DE 16 A 3 SUBS;HIGIENOPOLIS;1227200;11-31552800;contabilidade@sabara.com.br;118;0;55;0;0;0;55;0;0;0;0;0;0;0
202405;SUDESTE;SP;SAO PAULO;;6618332;HOSPITAL SANCTA MAGGIORE;PREVENT SENIOR PRIVATE OPERADORA DE SAUDE LTDA;M;7;HOSPITAL ESPECIALIZADO;2062;HOSPITAL_PRIVADO;RUA MITUTO MUZUMOTO;596;;LIBERDADE;1513040;(11)40859550;luciana.tamaoki@preventsenior.com.br;4;0;0;0;0;0;0;0;0;0;0;0;0;0
202405;SUDESTE;SP;SAO PAULO;;6668143;HOSPITAL E MATERNIDADE VITORIA;ESHO EMPRESA DE SERVICOS HOSPITALARES SA;M;5;HOSPITAL GERAL;2054;HOSPITAL_PRIVADO;AVENIDA VEREADOR ABEL FERREIRA;S/N;LOTE 18 A 35 QD 36;JARDIM ANALIA FRANCO;3340000;(11) 3581-1100;sac@hospitalvitoria.com.br;152;0;48;0;34;0;4;0;10;0;0;0;0;0
202405;SUDESTE;SP;SAO PAULO;;6998194;HOSP MUN SOROCABANA;PREFEITURA DO MUNICIPIO DE SAO PAULO;M;5;HOSPITAL GERAL;1031;HOSPITAL_PÚBLICO;RUA FAUSTOLO;1633;;VILA ROMANA;5041001;3879-3090;chm.sorocabana.adm@saudedafamilia.org;60;50;10;0;10;0;0;0;0;0;0;0;0;0
202405;SUDESTE;SP;SAO PAULO;;7060165;HOSPITAL A C CAMARGO TAMANDARE;FUNDACAO ANTONIO PRUDENTE;M;7;HOSPITAL ESPECIALIZADO;3069;HOSPITAL_FILANTRÓPICO;TAMANDARE;753;753A 767 777;LIBERDADE;1525000;(11)2189-5220;regulatorio@accamargo.org.br;126;0;10;0;10;0;0;0;0;0;0;0;0;0
202405;SUDESTE;SP;SAO PAULO;;7159102;HOSPITAL GREEN HILL;GREEN HILL SERVICOS MEDICOS SC LTDA;M;5;HOSPITAL GERAL;2062;HOSPITAL_PRIVADO;RUA BOM PASTOR;905;;IPIRANGA;4203050;11 45069888;andredewlee@gmail.com;12;0;0;0;0;0;0;0;0;0;0;0;0;0
202405;SUDESTE;SP;SAO PAULO;;7174691;HOSPITAL E PRONTO ATENDIMENTO SANCTA MAGGIORE;PREVENT SENIOR PRIVATE OPERADORA DE SAUDE LTDA;M;5;HOSPITAL GERAL;2062;HOSPITAL_PRIVADO;RUA TAMARATACA;127;;MOOCA;3119010;40859057;luciana.tamaoki@preventsenior.com.br;66;0;10;0;10;0;0;0;0;0;0;0;0;0
202405;SUDESTE;SP;SAO PAULO;;7174705;HOSPITAL SANCTA MAGGIORE;PREVENT SENIOR PRIVATE OPERADORA DE SAUDE LTDA;M;5;HOSPITAL GERAL;2062;HOSPITAL_PRIVADO;AVENIDA SANTO AMARO;22;;VILA NOVA CONCEICAO;4506000;40859051;luciana.tamaoki@preventsenior.com.br;97;0;18;0;18;0;0;0;0;0;0;0;0;0
202405;SUDESTE;SP;SAO PAULO;;7174713;HOSPITAL E PRONTO ATENDIMENTO SANCTA MAGGIORE;PREVENT SENIOR PRIVATE OPERADORA DE SAUDE LTDA;M;5;HOSPITAL GERAL;2062;HOSPITAL_PRIVADO;RUA DA FIGUEIRA;831;;MOOCA;3102010;40859057;luciana.tamaoki@preventsenior.com.br;117;0;20;0;20;0;0;0;0;0;0;0;0;0
202405;SUDESTE;SP;SAO PAULO;;7174721;HOSPITAL E PRONTO ATENDIMENTO SANCTA MAGGIORE;PREVENT SENIOR PRIVATE OPERADORA DE SAUDE LTDA;M;5;HOSPITAL GERAL;2062;HOSPITAL_PRIVADO;RUA MAESTRO CARDIM;1137;;BELA VISTA;1323001;3269 3200;luciana.tamaoki@preventsenior.com.br;106;0;30;0;30;0;0;0;0;0;0;0;0;0
202405;SUDESTE;SP;SAO PAULO;;7182031;BENVISTA OFTALMOLOGIA;VMOFTSP CLINICA MEDICA OFTALMOLOGICA LTDA;M;7;HOSPITAL ESPECIALIZADO;2062;HOSPITAL_PRIVADO;AV LEONCIO DE MAGALHAES;683;;JARDIM SAO PAULO;2042010;2389 9000;marcio@vollmond.com.br;26;0;0;0;0;0;0;0;0;0;0;0;0;0
202405;SUDESTE;SP;SAO PAULO;;7252455;HOSPITAL PROFESSORA LYDIA STOROPOLI;ASSOCIACAO EDUCACIONAL NOVE DE JULHO;M;5;HOSPITAL GERAL;3999;HOSPITAL_FILANTRÓPICO;VERGUEIRO;235;249;LIBERDADE;1504001;11 33859122;pmarvulle@uninove.br;210;190;20;0;20;0;0;0;0;0;0;0;0;0
202405;SUDESTE;SP;SAO PAULO;;7357079;HOSPITAL SANCTA MAGGIORE;PREVENT SENIOR PRIVATE OPERADORA DE SAUDE LTDA;M;5;HOSPITAL GERAL;2062;HOSPITAL_PRIVADO;RUA CRISTIANO VIANA;890;;PINHEIROS;5411001;40859195;luciana.tamaoki@preventsenior.com.br;101;0;29;0;29;0;0;0;0;0;0;0;0;0
202405;SUDESTE;SP;SAO PAULO;;7593643;COMPLEXO HOSPITALAR SANTO EXPEDITO;SANTO ANDRE SERVICOS MEDICOS ESPECIALIZADOS LTDA;M;5;HOSPITAL GERAL;2062;HOSPITAL_PRIVADO;RUA TOMOICHI SHIMIZU;201;;FAZENDA CAGUACU IT;8260140;;gestor.adm@hospitalsantoexpedito.com.br;171;0;20;0;10;0;3;0;7;0;0;0;0;0
202405;SUDESTE;SP;SAO PAULO;;7602227;HOSPITAL SAINT PETER;MEJI ASSISTENCIA MEDICA LTDA;M;5;HOSPITAL GERAL;2062;HOSPITAL_PRIVADO;RUA ESTADO DE ISRAEL;747;;VILA CLEMENTINO;4022002;59048100;administracao@hospitalsaintpeter.com.br;55;0;4;0;4;0;0;0;0;0;0;0;0;0
202405;SUDESTE;SP;SAO PAULO;;7622244;CLINICA SPATIIUM;CLINICA MEDICA GLORIA TORQUATO LTDA;M;7;HOSPITAL ESPECIALIZADO;2240;HOSPITAL_PRIVADO;RUA JOSE ANTONIO COELHO;416;;VILA MARIANA;4011061;38844080;marcoaatj@gmail.com;15;0;0;0;0;0;0;0;0;0;0;0;0;0
202405;SUDESTE;SP;SAO PAULO;;7644167;HOSPITAL MORIAH;REDE MORIAH SAUDE LTDA;M;5;HOSPITAL GERAL;2062;HOSPITAL_PRIVADO;AVENIDA MOACI;974;;PLANALTO PAULISTA;4083002;;JURIDICO@GRUPOLIFESAUDE.COM.BR;43;0;5;0;5;0;0;0;0;0;0;0;0;0
202405;SUDESTE;SP;SAO PAULO;;7676484;HOSPITAL SANTA CLARA;GERHOSP SERVICOS HOSPITALARES LTDA;M;5;HOSPITAL GERAL;2062;HOSPITAL_PRIVADO;JOAQUIM MARRA;138;;VILA MATILDE;3514000;11 39874411;analista.qualidade@hospitalstaclara.com.br;387;0;48;0;48;0;0;0;0;0;0;0;0;0
202405;SUDESTE;SP;SAO PAULO;;7711980;HOSP MUN GILSON DE CASSIA MARQUES DE CARVALHO;PREFEITURA DO MUNICIPIO DE SAO PAULO;M;5;HOSPITAL GERAL;1031;HOSPITAL_PÚBLICO;AVENIDA SANTA CATARINA;2785;;VILA MASCOTE;4378200;;fabiana.rolla@einstein.br;187;178;49;40;40;40;9;0;0;0;0;0;0;0
202405;SUDESTE;SP;SAO PAULO;;7992890;HOSP MUN CAPELA DO SOCORRO;PREFEITURA DO MUNICIPIO DE SAO PAULO;M;5;HOSPITAL GERAL;1031;HOSPITAL_PÚBLICO;RUA CASSIO DE CAMPOS NOGUEIRA;2031;;JARDIM DAS IMBUIAS;4829310;55271060;hm.capeladosocorro.rh@saudedafamilia.org;105;86;10;0;10;0;0;0;0;0;0;0;0;0
202405;SUDESTE;SP;SAO PAULO;;9131434;HOSPITAL SANCTA MAGGIORE;PREVENT SENIOR PRIVATE OPERADORA DE SAUDE LTDA;M;5;HOSPITAL GERAL;2062;HOSPITAL_PRIVADO;RUA JUAGUARIBE;144;;VILA BUARQUE;1224000;40859000;luciana.tamaoki@preventsenior.com.br;125;0;18;0;18;0;0;0;0;0;0;0;0;0
202405;SUDESTE;SP;SAO PAULO;;9287671;BLA SERVICOS HOSPITALARES;BLA SERVICOS HOSPITALARES LTDA;M;7;HOSPITAL ESPECIALIZADO;2062;HOSPITAL_PRIVADO;BRIG LUIS ANTONIO;3767;ANEXO N 3779;JARDIM PAULISTA;1401001;11 31244570;contabil@globalcare.com.br;25;0;0;0;0;0;0;0;0;0;0;0;0;0
202405;SUDESTE;SP;SAO PAULO;;9465464;HOSP MUN JOSANIAS CASTANHA BRAGA;PREFEITURA DO MUNICIPIO DE SAOPAULO;M;5;HOSPITAL GERAL;1031;HOSPITAL_PÚBLICO;RUA EUZEBIO COGHI;841;;JARDIM ROSCHEL;4883290;;;287;232;50;20;30;10;10;10;10;0;0;0;0;0
202405;SUDESTE;SP;SAO PAULO;;9488227;MATERNIDADE SANTA MARIA;HOSPITAL E MATERNIDADE SANTA JOANA S A;M;7;HOSPITAL ESPECIALIZADO;2054;HOSPITAL_PRIVADO;LEONCIO DE CARVALHO;233;;PARAISO;4003010;11 50806000;contabilidade@santajoana.com.br;116;0;35;0;5;0;0;0;30;0;0;0;0;0
202405;SUDESTE;SP;SAO PAULO;;9490604;HOSPITAL SAGRADA FAMILIA;HOSPITAL SAGRADA FAMILIA LTDA;M;5;HOSPITAL GERAL;2062;HOSPITAL_PRIVADO;RUA ARAPOCA;128;;VILA FORMOSA;3362000;(11)4380-8010;DIRETORIA.ENFERMAGEM@HOSPSAGRADAFAMILIA.COM.BR;331;0;59;0;32;0;18;0;9;0;0;0;0;0
202405;SUDESTE;SP;SAO PAULO;;9500138;A C CAMARGO CANCER CENTER UNIDADE PIRES DA MOTA;FUNDACAO ANTONIO PRUDENTE;M;7;HOSPITAL ESPECIALIZADO;3069;HOSPITAL_FILANTRÓPICO;PIRES DA MOTA;1167;;ACLIMACAO;1529001;11 21895000;regulatorio@accamargo.org.br;16;0;0;0;0;0;0;0;0;0;0;0;0;0
202405;SUDESTE;SP;SAO PAULO;;9554157;HOSPITAL E MATERNIDADE SALVALUS;NOTRE DAME INTERMEDICA SAUDE S A;M;5;HOSPITAL GERAL;2054;HOSPITAL_PRIVADO;RUA BRESSER;1954;11 2662 2000;BRAS;3161160;26622000;jamille.daniel@intermedica.com.br;469;0;140;0;84;0;26;0;20;0;0;0;10;0
202405;SUDESTE;SP;SAO PAULO;;9652221;JML SERVICOS HOSPITALARES;JML SERVICOS HOSPITALARES LTDA;M;7;HOSPITAL ESPECIALIZADO;2062;HOSPITAL_PRIVADO;RUA JOSE MARIA LISBOA;659;;JARDIM PAULISTA;1423001;(11) 2012-4451;;45;0;0;0;0;0;0;0;0;0;0;0;0;0
202405;SUDESTE;SP;SAO PAULO;;9684948;HOSPITAL SAMARITANO PAULISTA;HOSPITAL ALVORADA TAGUATINGA LTDA;M;5;HOSPITAL GERAL;2062;HOSPITAL_PRIVADO;AVENIDA BRIGADEIRO LUIS ANTONIO;1895;ANEXO 1927;BELA VISTA;1317002;11 42087287;atendimento@sanrleipolini.com.br;230;0;39;0;27;0;0;0;0;0;0;0;12;0
202405;SUDESTE;SP;SAO PAULO;;9735372;HOSPITAL VILA NOVA STAR;ONCO STAR SP ONCOLOGIA LTDA;M;5;HOSPITAL GERAL;2062;HOSPITAL_PRIVADO;DOUTOR ALCEU DE CAMPOS RODRIGUES;126;;VILA NOVA CONCEICAO;4544000;11 30401455;licenciamentosp@rededor.com.br;42;0;9;0;9;0;0;0;0;0;0;0;0;0
202405;SUDESTE;SP;SAO PAULO;;9917497;PRIME HOUSE CENTRO TERAPEUTICO;CENTRO DE REABILITACAO RESIDENCIAL TERAPEUTICO PRIME LTDA;M;7;HOSPITAL ESPECIALIZADO;2062;HOSPITAL_PRIVADO;AV LINEU DE PAULA MACHADO;1174;A;JARDIM EVEREST;5601001;;;36;0;0;0;0;0;0;0;0;0;0;0;0;0
